Date,Open,High,Low,Close,Adj Close,Volume
2009-09-11,20.23,20.525,19.879998999999998,20.43,13.037441000000001,7415800
2009-09-14,20.285,20.91,19.969998999999998,20.879998999999998,13.324612,6852600
2009-09-15,20.879998999999998,20.965,20.52,20.805,13.276748999999999,7213200
2009-09-16,20.665001,21.695,20.639999,21.51,13.726645000000001,10377600
2009-09-17,21.450001,22.035,21.184998999999998,21.35,13.624542000000002,8840800
2009-09-18,21.375,21.655001000000002,21.25,21.375,13.640495000000001,8370800
2009-09-21,21.030001000000002,21.32,20.889999,21.139999,13.490526000000001,7038000
2009-09-22,21.295,21.52,21.275,21.395,13.653259,5752600
2009-09-23,21.375,21.674999,20.959999,20.959999,13.375658999999999,6567800
2009-09-24,21.045,21.309998999999998,20.5,20.6,13.145925,7404600
2009-09-25,20.5,20.924999,20.235001,20.344998999999998,12.9832,5938400
2009-09-28,20.389999,21.280001000000002,20.334999,21.23,13.547962,6414800
2009-09-29,21.254998999999998,21.915001,21.15,21.415001,13.666023000000001,11717200
2009-09-30,21.440001000000002,21.700001,21.01,21.370001000000002,13.637301,9144000
2009-10-01,21.219998999999998,21.375,20.275,20.355,12.989581,10885800
2009-10-02,20.040001,20.76,19.91,20.549999,13.114015,8087000
2009-10-05,20.610001,20.860001,20.504998999999998,20.785,13.263985,8212600
2009-10-06,21.190001000000002,21.860001,21.105,21.51,13.726645000000001,7808400
2009-10-07,21.465,21.695,21.26,21.59,13.777698000000001,5907400
2009-10-08,21.74,22.245001000000002,21.725,21.85,13.943622,7464200
2009-10-09,21.665001,22.525,21.665001,22.504998999999998,14.361604999999999,7772400
2009-10-12,22.655001000000002,22.959999,22.5,22.855,14.584954999999999,7585200
2009-10-13,22.77,22.834999,22.4,22.575001,14.406274,8874600
2009-10-14,22.844998999999998,23.09,22.695,22.955,14.648775,7857800
2009-10-15,22.73,22.91,22.629998999999998,22.795,14.54667,6628000
2009-10-16,22.4,22.795,22.215,22.6,14.422231,8016400
2009-10-19,22.719998999999998,23.309998999999998,22.690001000000002,23.1,14.741307,6888600
2009-10-20,23.049999,23.094998999999998,22.735001,22.860001,14.588152,7667000
2009-10-21,22.85,23.205,22.375,22.41,14.300981,6520200
2009-10-22,22.395,22.885,22.155001000000002,22.84,14.575389999999999,6768200
2009-10-23,22.834999,22.905001000000002,22.110001,22.205,14.170160999999998,6389200
2009-10-26,22.18,22.370001000000002,21.280001000000002,21.440001000000002,13.681972,7559600
2009-10-27,21.51,21.799999,21.08,21.155001000000002,13.5001,8843600
2009-10-28,21.025,21.26,20.245001000000002,20.290001,12.948101,13338000
2009-10-29,21.075001,21.715,20.875,21.584999,13.774506,14432200
2009-10-30,21.415001,21.549999,20.51,20.745001000000002,13.238454,13029000
2009-11-02,20.860001,21.225,20.184998999999998,20.66,13.184216000000001,7105600
2009-11-03,20.295,20.77,20.035,20.754998999999998,13.244838,10329600
2009-11-04,20.98,21.325001,20.575001,20.684998999999998,13.200169,8777200
2009-11-05,20.975,21.35,20.67,21.285,13.583060000000001,8926600
2009-11-06,20.879998999999998,21.26,20.695,21.094998999999998,13.461810999999999,5665000
2009-11-09,21.434998999999998,21.99,21.33,21.965,14.017001,7503600
2009-11-10,21.745001000000002,22.115,21.645,22.0,14.039338,6389600
2009-11-11,22.190001000000002,22.514999,22.115,22.469998999999998,14.339272,7466600
2009-11-12,22.42,22.434998999999998,21.99,22.045,14.068052,7531800
2009-11-13,22.075001,22.57,22.075001,22.32,14.243548,5620200
2009-11-16,22.465,22.860001,22.440001000000002,22.684998999999998,14.660387,5792800
2009-11-17,22.639999,22.684998999999998,22.32,22.620001000000002,14.618382,4991000
2009-11-18,22.549999,22.684998999999998,22.245001000000002,22.469998999999998,14.521441000000001,5131800
2009-11-19,22.315001000000002,22.35,21.615,21.92,14.165998000000002,8540600
2009-11-20,22.305,22.549999,21.985001,22.049999,14.250010000000001,9507400
2009-11-23,22.450001,22.615,22.32,22.440001000000002,14.502051000000002,7084400
2009-11-24,22.35,22.440001000000002,22.035,22.26,14.385720000000001,6770200
2009-11-25,22.415001,22.775,22.309998999999998,22.715,14.679773999999998,4809400
2009-11-27,22.094998999999998,22.205,21.754998999999998,21.825001,14.104606,4433200
2009-11-30,22.434998999999998,23.094998999999998,22.35,23.014999,14.873648000000001,12071800
2009-12-01,23.014999,23.525,22.860001,23.200001,14.993210999999999,9683600
2009-12-02,23.26,23.535,22.940001000000002,23.365,15.099843,6381400
2009-12-03,23.495001000000002,23.700001,22.67,22.719998999999998,14.683008,8880400
2009-12-04,23.110001,23.34,22.5,22.915001,14.809023000000002,8955800
2009-12-07,22.98,23.285,22.764999,22.865,14.776710999999999,6119200
2009-12-08,22.965,23.215,22.795,22.91,14.8058,6905600
2009-12-09,23.004998999999998,23.030001000000002,22.504998999999998,22.84,14.760561,6526400
2009-12-10,23.045,23.4,22.93,23.215,15.002903,8016200
2009-12-11,23.254998999999998,23.325001,22.985001,23.275,15.041678,5131000
2009-12-14,23.415001,23.59,23.299999,23.57,15.232323999999998,6107200
2009-12-15,23.48,23.76,23.315001000000002,23.375,15.106304999999999,6454800
2009-12-16,23.575001,23.875,23.504998999999998,23.530001000000002,15.206476,7004600
2009-12-17,23.43,23.49,23.025,23.030001000000002,14.883348000000002,5527000
2009-12-18,23.184998999999998,23.209999,22.77,23.08,14.915655,7502600
2009-12-21,23.18,23.379998999999998,23.040001,23.09,14.922123999999998,4620800
2009-12-22,23.225,23.355,22.985001,23.165001,14.970585,4988600
2009-12-23,23.299999,23.370001000000002,23.129998999999998,23.299999,15.057832000000001,2858200
2009-12-24,23.385,23.5,23.190001000000002,23.395,15.119228,1264600
2009-12-28,23.445,23.625,23.305,23.4,15.122461999999999,3033400
2009-12-29,23.5,23.639999,23.43,23.475,15.170932,2445400
2009-12-30,23.440001000000002,23.485001,23.290001,23.440001000000002,15.148313,2325400
2009-12-31,23.504998999999998,23.575001,23.120001000000002,23.125,14.944735999999999,2892600
2010-01-04,23.25,23.85,23.25,23.785,15.371267999999999,4724000
2010-01-05,23.745001000000002,24.540001,23.530001000000002,24.475,15.817189,7930600
2010-01-06,24.915001,24.915001,24.360001,24.690001000000002,15.956137,5851600
2010-01-07,24.705,25.0,24.5,24.955,16.127394,5535800
2010-01-08,24.83,24.83,24.375,24.705,15.965824,4393400
2010-01-11,24.934998999999998,25.389999,24.855,25.355,16.385897,5699200
2010-01-12,25.695,25.860001,25.135,25.225,16.301884,7697600
2010-01-13,25.309998999999998,25.559998999999998,25.215,25.5,16.479601000000002,5104200
2010-01-14,25.58,25.895,25.34,25.834999,16.6961,4533800
2010-01-15,25.775,25.865,25.334999,25.555,16.515145999999998,5949400
2010-01-19,25.620001000000002,26.08,25.469998999999998,26.049999,16.835051,6527600
2010-01-20,25.889999,25.889999,25.375,25.575001,16.528072,5305600
2010-01-21,25.745001000000002,25.77,25.049999,25.235001,16.308348000000002,8123800
2010-01-22,25.145,25.309998999999998,24.5,24.549999,15.865656,8376000
2010-01-25,25.004998999999998,25.370001000000002,25.004998999999998,25.09,16.21464,9892000
2010-01-26,24.99,25.5,24.82,24.860001,16.065998,9834600
2010-01-27,24.870001000000002,25.08,24.535,24.905001000000002,16.095083,8353400
2010-01-28,25.174999,25.24,24.405001000000002,24.594998999999998,15.894738,8419000
2010-01-29,24.780001000000002,24.924999,24.1,24.215,15.649161999999999,8465200
2010-02-01,24.295,24.735001,24.295,24.59,15.891507,6870200
2010-02-02,24.674999,24.915001,24.355,24.85,16.059532,10021800
2010-02-03,25.254998999999998,25.950001,25.254998999999998,25.469998999999998,16.460214999999998,11918400
2010-02-04,25.225,25.35,24.115,24.15,15.607154999999999,10892200
2010-02-05,24.205,24.405001000000002,22.975,23.825001,15.397120999999999,17984600
2010-02-08,23.855,23.889999,22.934998999999998,22.975,14.847801,13129600
2010-02-09,23.35,23.825001,22.889999,23.530001000000002,15.206476,11155000
2010-02-10,23.57,23.865,23.155001000000002,23.555,15.222634,6684200
2010-02-11,23.43,23.815001000000002,23.055,23.68,15.487515,6632200
2010-02-12,23.5,23.605,22.934998999999998,23.57,15.415567000000001,10385600
2010-02-16,23.76,24.190001000000002,23.575001,24.125,15.77856,6279800
2010-02-17,24.360001,24.565001000000002,24.165001,24.370001000000002,15.938801000000002,5900600
2010-02-18,24.125,24.530001000000002,24.025,24.424999,15.974770999999999,4833600
2010-02-19,24.34,24.65,24.055,24.52,16.036903,7204200
2010-02-22,24.639999,24.690001000000002,24.4,24.559998999999998,16.063063,5542000
2010-02-23,24.594998999999998,24.68,23.895,24.065001000000002,15.739320000000001,5783400
2010-02-24,24.120001000000002,24.625,24.120001000000002,24.535,16.046713,4585400
2010-02-25,24.195,24.629998999999998,23.975,24.594998999999998,16.085957999999998,5502800
2010-02-26,24.575001,24.77,24.415001,24.725,16.17098,4703400
2010-03-01,24.83,25.02,24.764999,25.01,16.357382,5342200
2010-03-02,25.09,25.174999,24.865,24.969998999999998,16.331219,4766800
2010-03-03,25.014999,25.280001000000002,24.995001000000002,25.084999,16.406426999999997,5124800
2010-03-04,25.16,25.360001,25.125,25.285,16.537232999999997,5098200
2010-03-05,25.5,25.809998999999998,25.205,25.754998999999998,16.844632999999998,5177400
2010-03-08,25.805,26.0,25.745001000000002,25.85,16.906767000000002,4408000
2010-03-09,25.764999,25.84,25.459999,25.625,16.759607,4445600
2010-03-10,25.73,26.25,25.545,26.235001,17.158569,7183400
2010-03-11,26.139999,26.32,25.955,26.315001000000002,17.21089,5077400
2010-03-12,26.445,26.504998999999998,26.125,26.344998999999998,17.230511,3764600
2010-03-15,26.254998999999998,26.485001,26.125,26.385,17.256674,5003200
2010-03-16,26.49,26.875,26.375,26.85,17.560802,4767200
2010-03-17,27.040001,27.5,26.924999,27.32,17.868195,5413200
2010-03-18,27.365,27.415001,27.200001,27.41,17.927059,4801800
2010-03-19,27.049999,27.6,27.030001000000002,27.049999,17.691605,7447400
2010-03-22,26.75,26.93,26.530001000000002,26.93,17.613125,4293000
2010-03-23,26.594998999999998,26.764999,26.305,26.75,17.495399,7604600
2010-03-24,26.705,26.940001000000002,26.594998999999998,26.825001,17.544447,4708400
2010-03-25,27.004998999999998,27.15,26.559998999999998,26.605,17.400562,5430800
2010-03-26,26.67,27.030001000000002,26.605,26.735001,17.485585999999998,4811800
2010-03-29,26.855,27.004998999999998,26.74,26.825001,17.544447,4707200
2010-03-30,26.860001,26.975,26.684998999999998,26.895,17.590232999999998,5451800
2010-03-31,26.73,27.16,26.73,27.145,17.753744,6307000
2010-04-01,27.365,27.584999,27.215,27.370001000000002,17.900894,4532200
2010-04-05,27.540001,27.76,27.450001,27.76,18.155972,4161200
2010-04-06,27.610001,28.059998999999998,27.559998999999998,27.98,18.29986,4903200
2010-04-07,27.9,27.9,27.424999,27.639999,18.07749,5455600
2010-04-08,27.504998999999998,27.825001,27.43,27.700001,18.116734,5574600
2010-04-09,27.77,27.879998999999998,27.525,27.879998999999998,18.234457,3727000
2010-04-12,27.959999,27.975,27.715,27.780001000000002,18.169048,4526200
2010-04-13,27.73,27.815001000000002,27.42,27.735001,18.139623999999998,4858600
2010-04-14,27.950001,28.280001000000002,27.795,28.280001000000002,18.496069,4614600
2010-04-15,28.014999,28.139999,27.615,27.735001,18.139623999999998,6474200
2010-04-16,27.594998999999998,27.705,26.870001000000002,27.209999,17.796251,9725200
2010-04-19,26.934998999999998,27.33,26.83,27.295,17.851847,5282800
2010-04-20,27.440001000000002,27.700001,27.365,27.66,18.090567,4359400
2010-04-21,27.745001000000002,27.875,27.07,27.375,17.904173,4785800
2010-04-22,27.18,27.325001,26.75,27.299999,17.855112,4898200
2010-04-23,27.32,27.799999,27.16,27.735001,18.139623999999998,5140400
2010-04-26,27.695,27.809998999999998,27.334999,27.365,17.897629000000002,4924600
2010-04-27,27.125,27.190001000000002,26.105,26.205,17.138952,8466600
2010-04-28,27.065001000000002,27.120001000000002,24.365,24.815001000000002,16.229845,29944400
2010-04-29,25.41,26.285,25.25,26.165001,17.112787,19296800
2010-04-30,26.025,26.18,25.465,25.48,16.664778,8957600
2010-05-03,25.700001,25.870001000000002,25.42,25.715,16.818474,6408600
2010-05-04,25.155001000000002,25.25,24.030001000000002,24.41,15.964954999999998,19391800
2010-05-05,24.030001000000002,24.674999,23.625,24.07,15.742586,13016600
2010-05-06,23.93,24.51,21.245001000000002,23.139999,15.134337,20330600
2010-05-07,23.129998999999998,23.25,21.700001,22.135,14.477034,22673000
2010-05-10,23.76,25.200001,22.254998999999998,24.875,16.269087,27616400
2010-05-11,24.34,25.125,24.18,24.469998999999998,16.004198000000002,10550800
2010-05-12,24.530001000000002,25.094998999999998,24.375,25.02,16.36392,8821000
2010-05-13,25.049999,25.049999,24.205,24.209999,15.834145999999999,5581400
2010-05-14,23.93,23.955,22.5,22.950001,15.010064999999999,17390600
2010-05-17,22.705,23.129998999999998,22.315001000000002,22.985001,15.218635999999998,10639600
2010-05-18,23.84,23.84,22.254998999999998,22.504998999999998,14.900827,13305600
2010-05-19,22.35,22.594998999999998,21.565001000000002,22.17,14.679015,15446800
2010-05-20,21.540001,21.635,20.615,20.809998999999998,13.778545000000001,14802800
2010-05-21,20.445,21.93,20.254998999999998,21.695,14.364514999999999,20044200
2010-05-24,21.74,21.74,21.08,21.110001,13.977175,11073200
2010-05-25,20.49,21.285,20.16,21.245001000000002,14.066560999999998,12910200
2010-05-26,21.74,22.02,21.275,21.379998999999998,14.155945999999998,12617200
2010-05-27,21.965,22.959999,21.834999,22.915001,15.17229,14455800
2010-05-28,22.924999,22.93,22.049999,22.15,14.665776000000001,10102000
2010-06-01,21.815001000000002,22.315001000000002,21.5,21.565001000000002,14.278432999999998,9200600
2010-06-02,21.77,22.34,21.42,22.32,14.778328,10042200
2010-06-03,22.385,22.535,21.83,22.23,14.718739999999999,6307400
2010-06-04,21.370001000000002,21.725,20.52,20.665001,13.68254,13453600
2010-06-07,20.91,21.035,20.190001000000002,20.24,13.401138000000001,12321800
2010-06-08,20.365,20.9,19.955,20.879998999999998,13.824892000000002,13445200
2010-06-09,21.084999,21.344998999999998,20.52,20.610001,13.646120999999999,11060000
2010-06-10,20.955,21.43,20.865,21.389999,14.162566,8199600
2010-06-11,20.83,21.424999,20.83,21.395,14.165879,6114400
2010-06-14,21.415001,21.785,21.145,21.245001000000002,14.066560999999998,7551000
2010-06-15,21.254998999999998,22.26,21.254998999999998,22.190001000000002,14.692254,10848800
2010-06-16,21.905001000000002,22.190001000000002,21.855,22.01,14.573070999999999,7597600
2010-06-17,21.844998999999998,22.16,21.469998999999998,21.875,14.483692999999999,8751400
2010-06-18,21.969998999999998,22.264999,21.950001,22.200001,14.698878,8400800
2010-06-21,22.639999,22.809998999999998,22.065001000000002,22.225,14.715425,7538800
2010-06-22,22.309998999999998,22.575001,21.85,21.885,14.490314000000001,8838000
2010-06-23,21.969998999999998,21.969998999999998,21.334999,21.705,14.371131,8039800
2010-06-24,21.514999,21.77,21.26,21.344998999999998,14.132772000000001,7872600
2010-06-25,21.605,21.860001,21.17,21.795,14.43072,9145800
2010-06-28,22.059998999999998,23.1,22.035,22.389999,14.824676,14170200
2010-06-29,21.889999,22.135,21.014999,21.18,14.023525,17380200
2010-06-30,21.200001,21.705,21.110001,21.334999,14.126148,12440600
2010-07-01,21.575001,21.844998999999998,20.775,21.655001000000002,14.338023000000002,12581200
2010-07-02,21.860001,21.92,21.264999,21.559998999999998,14.275125,7113200
2010-07-06,21.875,22.275,21.559998999999998,21.780001000000002,14.420793,10331200
2010-07-07,21.780001000000002,22.76,21.709999,22.735001,15.053103,11838600
2010-07-08,22.945,23.665001,22.92,23.594998999999998,15.622520999999999,12098200
2010-07-09,23.5,24.065001000000002,23.5,24.040001,15.917157000000001,7778600
2010-07-12,23.815001000000002,24.07,23.715,23.955,15.860885000000001,5761800
2010-07-13,24.299999,24.695,24.17,24.440001000000002,16.182009,11767600
2010-07-14,24.275,24.549999,23.945,24.205,16.026409,8074200
2010-07-15,24.23,24.275,23.565001000000002,24.190001000000002,16.016482999999997,7972000
2010-07-16,23.805,23.945,23.040001,23.129998999999998,15.314639000000001,8490600
2010-07-19,23.295,23.455,22.855,23.254998999999998,15.397402,6549600
2010-07-20,22.834999,23.959999,22.764999,23.934998999999998,15.847646,8004600
2010-07-21,24.315001000000002,24.315001000000002,23.245001000000002,23.440001000000002,15.519897,10285400
2010-07-22,23.735001,24.959999,23.549999,24.924999,16.503134,14913800
2010-07-23,24.790001,25.305,24.290001,25.254998999999998,16.721624,14994200
2010-07-26,25.309998999999998,25.629998999999998,25.200001,25.52,16.897091,11303600
2010-07-27,25.799999,25.92,25.014999,25.355,16.787838,11386000
2010-07-28,24.879998999999998,25.084999,24.434998999999998,24.76,16.393881,13273200
2010-07-29,25.0,25.360001,24.545,24.9,16.48658,9536200
2010-07-30,24.6,24.945,24.27,24.594998999999998,16.284637,9286000
2010-08-02,25.030001000000002,25.684998999999998,25.030001000000002,25.495001000000002,16.880539000000002,9007200
2010-08-03,25.395,25.43,24.82,24.905001000000002,16.489885,8246000
2010-08-04,24.969998999999998,25.639999,24.915001,25.525,16.900396,8062400
2010-08-05,25.459999,25.780001000000002,25.25,25.639999,16.97654,5737600
2010-08-06,25.264999,25.58,24.860001,25.375,16.801079,5880000
2010-08-09,25.57,25.799999,25.375,25.74,17.042755,5592600
2010-08-10,25.389999,25.690001000000002,25.184998999999998,25.445,16.847422,5563000
2010-08-11,24.975,25.325001,24.695,24.725,16.37071,8502400
2010-08-12,24.290001,24.59,24.18,24.334999,16.112479999999998,9098000
2010-08-13,24.295,24.360001,23.860001,23.879998999999998,15.811225,7319000
2010-08-16,23.565001000000002,23.875,23.424999,23.780001000000002,15.931821,4830600
2010-08-17,24.035,24.360001,23.879998999999998,24.135,16.169655,6158800
2010-08-18,24.195,24.254998999999998,23.905001000000002,24.030001000000002,16.099312,5862800
2010-08-19,23.865,23.865,23.174999,23.280001000000002,15.596836999999999,8762600
2010-08-20,23.135,23.41,22.844998999999998,23.315001000000002,15.620285,7991400
2010-08-23,23.24,23.49,22.98,23.115,15.486292,6756000
2010-08-24,22.74,22.885,22.455,22.6,15.141257000000001,8744400
2010-08-25,22.370001000000002,23.084999,22.174999,22.969998999999998,15.389144,8818800
2010-08-26,23.105,23.290001,22.754998999999998,22.879998999999998,15.328845999999999,7698600
2010-08-27,23.09,23.924999,22.709999,23.91,16.018915,7282400
2010-08-30,23.77,23.795,23.200001,23.235001,15.566689000000002,4595200
2010-08-31,23.004998999999998,23.745001000000002,22.844998999999998,23.625,15.827976000000001,8215400
2010-09-01,24.02,24.805,24.0,24.785,16.605133,10598000
2010-09-02,24.91,25.014999,24.594998999999998,25.01,16.755878,8703200
2010-09-03,25.245001000000002,25.52,25.129998999999998,25.469998999999998,17.06406,7102000
2010-09-07,25.245001000000002,25.290001,24.695,24.959999,16.722382999999997,6137400
2010-09-08,25.014999,25.5,24.985001,25.049999,16.782677,6555600
2010-09-09,25.485001,25.635,25.1,25.299999,16.950170999999997,4694600
2010-09-10,25.41,25.495001000000002,25.105,25.385,17.007113,3953000
2010-09-13,25.695,26.174999,25.690001000000002,26.094998999999998,17.482792,6889000
2010-09-14,26.014999,26.375,25.754998999999998,26.120001000000002,17.499542,6413200
2010-09-15,25.860001,26.084999,25.66,25.945,17.382296,5531600
2010-09-16,25.860001,25.940001000000002,25.629998999999998,25.924999,17.368898,3841800
2010-09-17,26.014999,26.125,25.754998999999998,25.889999,17.345453,5129000
2010-09-20,26.059998999999998,26.875,25.995001000000002,26.805,17.958471,6450200
2010-09-21,26.855,26.940001000000002,26.455,26.58,17.80773,6030400
2010-09-22,26.495001000000002,26.639999,25.860001,25.99,17.412445,5355800
2010-09-23,25.695,25.834999,25.17,25.23,16.903271,7587200
2010-09-24,25.625,26.184998999999998,25.625,26.174999,17.536388,5581400
2010-09-27,26.145,26.190001000000002,25.825001,25.965,17.395697,4643000
2010-09-28,26.105,26.32,25.545,26.235001,17.57659,4412400
2010-09-29,26.02,26.24,25.73,25.785,17.275101,4817000
2010-09-30,26.165001,26.459999,25.85,25.855,17.321998999999998,7884400
2010-10-01,26.215,26.395,25.77,26.030001000000002,17.439247,6459000
2010-10-04,25.99,26.040001,25.459999,25.725,17.234901,5253400
2010-10-05,26.065001000000002,26.594998999999998,25.674999,26.370001000000002,17.66703,7475200
2010-10-06,26.344998999999998,26.905001000000002,26.1,26.870001000000002,18.00202,7615200
2010-10-07,27.01,27.135,26.57,26.795,17.951771,4897400
2010-10-08,26.895,27.360001,26.780001000000002,27.174999,18.206357999999998,5291800
2010-10-11,27.205,27.34,27.049999,27.18,18.209705,3260000
2010-10-12,26.950001,27.305,26.83,27.25,18.256605,4380800
2010-10-13,27.42,27.775,27.35,27.41,18.363796,5246200
2010-10-14,27.415001,27.879998999999998,27.25,27.415001,18.367148999999998,6877600
2010-10-15,27.629998999999998,27.764999,26.889999,27.26,18.263310999999998,6657000
2010-10-18,27.27,27.955,27.27,27.82,18.638481,5146600
2010-10-19,27.385,27.885,27.145,27.35,18.323595,6197600
2010-10-20,27.530001000000002,27.805,27.379998999999998,27.514999,18.434143,6092000
2010-10-21,27.645,27.995001000000002,27.415001,27.620001000000002,18.504488000000002,6607200
2010-10-22,27.82,27.82,27.535,27.73,18.578194,4158200
2010-10-25,27.955,28.07,27.549999,27.625,18.507841,5844400
2010-10-26,27.485001,27.74,27.4,27.594998999999998,18.487743,5843800
2010-10-27,27.870001000000002,28.49,27.674999,28.195,18.889720999999998,9641800
2010-10-28,28.355,28.375,27.775,28.110001,18.832775,5056600
2010-10-29,28.0,28.125,27.700001,27.945,18.722229000000002,4336000
2010-11-01,28.139999,28.4,27.674999,27.959999,18.732279000000002,3375000
2010-11-02,28.245001000000002,28.285,28.059998999999998,28.200001,18.893074,2779200
2010-11-03,28.254998999999998,28.35,27.719998999999998,28.344998999999998,18.990219,5810200
2010-11-04,28.719998999999998,29.004998999999998,28.424999,28.924999,19.378795999999998,6823800
2010-11-05,28.855,29.155001000000002,28.639999,28.879998999999998,19.348651999999998,6574200
2010-11-08,28.790001,28.82,28.475,28.59,19.154364,4941400
2010-11-09,28.73,28.745001000000002,28.155001000000002,28.245001000000002,18.923223,7291600
2010-11-10,28.33,28.43,27.809998999999998,28.4,19.027067000000002,6163000
2010-11-11,27.985001,27.995001000000002,27.184998999999998,27.85,18.658585000000002,7931600
2010-11-12,27.57,27.860001,27.190001000000002,27.325001,18.306854,6852600
2010-11-15,27.465,27.5,27.205,27.23,18.445719,5577200
2010-11-16,27.02,27.105,26.559998999999998,26.790001,18.147661,7877400
2010-11-17,26.775,26.969998999999998,26.615,26.799999,18.154432,6470600
2010-11-18,27.299999,27.615,27.254998999999998,27.334999,18.51685,6590800
2010-11-19,27.33,27.344998999999998,26.91,27.325001,18.510075,6448600
2010-11-22,27.15,27.245001000000002,26.735001,27.18,18.41185,4204400
2010-11-23,26.68,26.83,26.34,26.465,17.927505,5810600
2010-11-24,26.735001,27.0,26.625,26.99,18.283142,4639800
2010-11-26,26.610001,26.645,25.709999,25.775,17.460096,6643800
2010-11-29,25.610001,26.184998999999998,25.514999,26.084999,17.67009,9848200
2010-11-30,25.73,26.065001000000002,25.445,25.75,17.443163000000002,9106200
2010-12-01,26.389999,26.59,26.115,26.5,17.951218,8490200
2010-12-02,26.58,27.27,26.565001000000002,27.139999,18.384754,6812000
2010-12-03,26.93,27.264999,26.77,27.209999,18.432171,4353400
2010-12-06,27.105,27.275,26.9,27.120001000000002,18.371206,4658400
2010-12-07,27.455,27.459999,26.83,26.865,18.198469,5692000
2010-12-08,26.969998999999998,27.495001000000002,26.85,27.459999,18.601519,5825000
2010-12-09,27.780001000000002,28.115,27.535,27.809998999999998,18.838612,5529000
2010-12-10,28.0,28.09,27.559998999999998,28.059998999999998,19.007963,5209200
2010-12-13,28.15,28.235001,27.93,27.934998999999998,18.923288,5797800
2010-12-14,27.92,28.17,27.605,27.690001000000002,18.757326000000003,4811600
2010-12-15,27.525,27.969998999999998,27.469998999999998,27.549999,18.662485,6401200
2010-12-16,27.575001,27.74,27.33,27.49,18.621843,5544600
2010-12-17,27.434998999999998,28.219998999999998,27.434998999999998,27.780001000000002,18.818291000000002,10372800
2010-12-20,27.92,28.370001000000002,27.860001,28.120001000000002,19.048607,5266800
2010-12-21,28.33,28.495001000000002,28.1,28.299999,19.170538,4557400
2010-12-22,28.4,28.645,28.32,28.615,19.383926000000002,4255000
2010-12-23,28.735001,28.745001000000002,28.434998999999998,28.555,19.343283,4074400
2010-12-27,28.42,28.584999,28.325001,28.485001,19.29586,2466400
2010-12-28,28.52,28.565001000000002,28.344998999999998,28.445,19.268764,2556400
2010-12-29,28.535,28.555,28.325001,28.35,19.204414,3033600
2010-12-30,28.295,28.35,28.004998999999998,28.045,18.997808,3136600
2010-12-31,28.040001,28.305,27.9,28.215,19.112963,2705800
2011-01-03,28.49,28.92,28.440001000000002,28.77,19.488922,5921000
2011-01-04,28.77,28.790001,28.049999,28.245001000000002,19.133287,7720600
2011-01-05,28.139999,28.440001000000002,28.055,28.190001000000002,19.096031,6973200
2011-01-06,28.254998999999998,28.370001000000002,27.9,28.035,18.991032,5649000
2011-01-07,28.145,28.27,27.76,27.924999,18.916519,4870000
2011-01-10,27.870001000000002,27.905001000000002,27.4,27.565001000000002,18.672649,6685200
2011-01-11,27.684998999999998,27.975,27.625,27.84,18.858936,4921000
2011-01-12,28.02,28.700001,28.004998999999998,28.575001,19.356823000000002,5880400
2011-01-13,28.825001,29.055,28.42,28.540001,19.33312,5660600
2011-01-14,28.424999,28.855,28.415001,28.834999,19.532949,6477400
2011-01-18,28.790001,29.24,28.295,28.469998999999998,19.285695999999998,8533000
2011-01-19,28.645,28.715,28.27,28.405001000000002,19.241673000000002,7190200
2011-01-20,28.52,28.985001,28.43,28.74,19.468597,5636200
2011-01-21,28.875,29.184998999999998,28.584999,29.055,19.681984,5809800
2011-01-24,28.969998999999998,29.385,28.915001,29.32,19.861492000000002,5663000
2011-01-25,29.135,29.389999,28.815001000000002,29.205,19.78359,6757400
2011-01-26,29.360001,29.395,29.155001000000002,29.18,19.766665,5181400
2011-01-27,29.125,29.42,28.799999,29.24,19.807299,9758600
2011-01-28,29.299999,29.35,28.360001,28.495001000000002,19.302630999999998,9814400
2011-01-31,28.93,29.040001,28.559998999999998,28.790001,19.502472,6408200
2011-02-01,28.945,29.495001000000002,28.875,29.264999,19.824236,8944400
2011-02-02,28.545,28.975,28.25,28.549999,19.339886,12097200
2011-02-03,28.459999,28.559998999999998,28.26,28.43,19.2586,8063400
2011-02-04,28.445,28.77,28.33,28.735001,19.465216,5372400
2011-02-07,28.805,29.360001,28.700001,29.35,19.881817,8980000
2011-02-08,28.85,29.139999,28.790001,28.950001,19.610857,8464000
2011-02-09,28.865,28.879998999999998,28.459999,28.51,19.312796,6786200
2011-02-10,28.305,28.459999,28.174999,28.34,19.197639000000002,6573200
2011-02-11,28.110001,28.65,28.0,28.610001,19.587889,5731200
2011-02-14,28.610001,28.725,28.23,28.514999,19.522845999999998,4192200
2011-02-15,28.385,28.620001000000002,28.309998999999998,28.559998999999998,19.553654,4137600
2011-02-16,28.639999,29.0,28.565001000000002,28.924999,19.803551000000002,5106600
2011-02-17,28.879998999999998,29.745001000000002,28.795,29.639999,20.293076,7928800
2011-02-18,29.6,29.67,29.365,29.540001,20.224613,5846800
2011-02-22,29.094998999999998,29.415001,28.805,28.98,19.841215,5472600
2011-02-23,29.129998999999998,29.129998999999998,28.575001,28.785,19.707705999999998,5136200
2011-02-24,28.65,28.924999,28.450001,28.610001,19.587889,5961400
2011-02-25,28.785,28.969998999999998,28.57,28.92,19.800133,3346400
2011-02-28,29.135,29.690001000000002,29.065001000000002,29.43,20.149305,4659000
2011-03-01,29.525,29.77,28.75,28.775,19.700857,8723000
2011-03-02,28.639999,28.705,28.26,28.295,19.372221,5548400
2011-03-03,28.559998999999998,28.965,28.559998999999998,28.905001000000002,19.789864,4800200
2011-03-04,28.93,29.174999,28.58,28.709999,19.656354999999998,5946800
2011-03-07,28.82,29.059998999999998,28.35,28.379998999999998,19.430414000000003,5618000
2011-03-08,28.530001000000002,28.75,28.405001000000002,28.594998999999998,19.57762,5349400
2011-03-09,28.504998999999998,28.575001,28.299999,28.405001000000002,19.447536,4005000
2011-03-10,28.110001,28.125,27.674999,27.85,19.067554,5928400
2011-03-11,26.969998999999998,27.915001,26.875,27.775,19.016201000000002,11755600
2011-03-14,26.165001,27.41,26.059998999999998,26.950001,18.451368,19322600
2011-03-15,24.57,25.68,24.0,25.445,17.420961,36693200
2011-03-16,25.705,26.245001000000002,24.465,25.334999,17.345657,28037600
2011-03-17,25.59,25.825001,25.059998999999998,25.225,17.270346,18233000
2011-03-18,25.655001000000002,25.85,25.24,25.334999,17.345657,16667600
2011-03-21,25.795,26.264999,25.645,26.264999,17.982378,9790400
2011-03-22,26.325001,26.940001000000002,26.040001,26.42,18.088503,11602600
2011-03-23,26.360001,26.360001,25.955,26.23,17.958422,8051800
2011-03-24,26.465,26.594998999999998,26.299999,26.535,18.167236,5726400
2011-03-25,26.549999,26.605,26.315001000000002,26.325001,18.023457,5563200
2011-03-28,26.424999,26.620001000000002,26.344998999999998,26.35,18.040575,5301600
2011-03-29,26.34,26.41,25.91,26.075001,17.852301,6554800
2011-03-30,26.145,26.565001000000002,26.129998999999998,26.26,17.978956,5627600
2011-03-31,26.165001,26.549999,26.025,26.389999,18.067959,6585400
2011-04-01,26.66,26.889999,26.514999,26.75,18.314434,6304400
2011-04-04,26.870001000000002,27.209999,26.780001000000002,27.174999,18.605412,7162400
2011-04-05,27.155001000000002,27.245001000000002,26.965,27.184998999999998,18.612258999999998,4989800
2011-04-06,27.295,27.450001,27.105,27.375,18.74235,5681200
2011-04-07,27.365,27.620001000000002,26.865,27.129998999999998,18.57461,8642400
2011-04-08,27.254998999999998,27.360001,26.67,26.83,18.369208999999998,3766400
2011-04-11,26.895,27.32,26.815001000000002,26.915001,18.427406,5743800
2011-04-12,26.545,26.715,26.389999,26.559998999999998,18.184353,5417600
2011-04-13,26.780001000000002,26.809998999999998,26.129998999999998,26.205,17.941301,5387800
2011-04-14,26.025,26.110001,25.709999,26.0,17.800945000000002,5681800
2011-04-15,26.15,26.190001000000002,25.75,26.125,17.886532,7780200
2011-04-18,25.709999,25.9,25.625,25.790001,17.657170999999998,7052600
2011-04-19,25.879998999999998,26.115,25.790001,26.01,17.807796,4840600
2011-04-20,26.565001000000002,26.965,26.424999,26.610001,18.218586,7842600
2011-04-21,26.700001,26.875,26.389999,26.83,18.369208999999998,5567000
2011-04-25,26.93,26.93,26.549999,26.610001,18.218586,5184400
2011-04-26,26.855,27.120001000000002,26.629998999999998,26.955,18.454788,5400000
2011-04-27,27.125,27.23,26.5,27.145,18.584877,6641600
2011-04-28,27.485001,28.695,27.475,28.5,19.512570999999998,13659000
2011-04-29,28.530001000000002,28.565001000000002,27.870001000000002,28.094998999999998,19.235298,7200000
2011-05-02,28.27,28.325001,27.875,28.075001,19.221601,4994800
2011-05-03,28.094998999999998,28.190001000000002,27.82,28.02,19.183943,5164800
2011-05-04,28.09,28.09,27.575001,27.754998999999998,19.002514,4936400
2011-05-05,27.565001000000002,27.82,27.315001000000002,27.584999,18.886120000000002,5522400
2011-05-06,27.985001,28.15,27.334999,27.545,18.858734,5444400
2011-05-09,27.469998999999998,27.615,27.1,27.35,18.725229000000002,5396600
2011-05-10,27.469998999999998,27.6,27.365,27.440001000000002,18.786848000000003,6131400
2011-05-11,27.34,27.459999,26.825001,27.055,18.523258,7997400
2011-05-12,26.91,27.455,26.875,27.379998999999998,18.745766,5033400
2011-05-13,27.389999,27.535,26.809998999999998,27.01,18.492449,5061400
2011-05-16,26.780001000000002,27.105,26.695,26.764999,18.530527,4913800
2011-05-17,26.57,26.965,26.540001,26.924999,18.641298000000003,5010400
2011-05-18,26.07,26.370001000000002,24.73,25.225,17.464317,30899800
2011-05-19,25.34,25.495001000000002,25.030001000000002,25.18,17.433167,14535200
2011-05-20,25.145,25.24,24.719998999999998,24.785,17.159689,13559200
2011-05-23,24.48,24.695,24.34,24.41,16.900060999999997,12311600
2011-05-24,24.584999,24.780001000000002,24.415001,24.615,17.04199,9011200
2011-05-25,24.525,24.84,24.41,24.65,17.066223,6652000
2011-05-26,24.450001,24.875,24.424999,24.795,17.166609,5736200
2011-05-27,24.385,24.434998999999998,23.82,24.0,16.616196,18357800
2011-05-31,24.17,24.25,23.75,23.895,16.543501000000003,13430200
2011-06-01,23.92,23.92,23.309998999999998,23.32,16.145405,10172000
2011-06-02,23.434998999999998,23.665001,23.215,23.315001000000002,16.141947000000002,10231600
2011-06-03,23.004998999999998,23.59,23.004998999999998,23.235001,16.086561,8204000
2011-06-06,23.184998999999998,23.35,22.77,22.775,15.768079,7522800
2011-06-07,22.915001,22.950001,22.690001000000002,22.74,15.74385,12181600
2011-06-08,22.65,22.75,22.379998999999998,22.434998999999998,15.532688,9664600
2011-06-09,22.504998999999998,22.82,22.415001,22.57,15.626154999999999,5972800
2011-06-10,22.514999,22.625,22.09,22.43,15.529223000000002,7300800
2011-06-13,22.469998999999998,22.695,22.4,22.639999,15.674617000000001,5702200
2011-06-14,22.815001000000002,23.440001000000002,22.815001000000002,23.245001000000002,16.093479000000002,9620800
2011-06-15,22.995001000000002,23.014999,22.415001,22.469998999999998,15.556914,9421400
2011-06-16,22.5,22.635,22.15,22.41,15.515376999999999,8341800
2011-06-17,22.665001,22.799999,22.375,22.51,15.584608,7356200
2011-06-20,22.445,22.74,22.379998999999998,22.67,15.695386,4635800
2011-06-21,22.870001000000002,23.174999,22.725,23.08,15.979244,7000800
2011-06-22,23.025,23.07,22.655001000000002,22.684998999999998,15.705770000000001,6377000
2011-06-23,22.375,22.535,22.075001,22.525,15.594997,10578200
2011-06-24,22.52,22.605,22.15,22.15,15.335366,21096000
2011-06-27,22.23,22.57,22.16,22.475,15.560379999999999,6577200
2011-06-28,22.559998999999998,22.719998999999998,22.405001000000002,22.6,15.646925,6099200
2011-06-29,22.805,23.139999,22.785,23.059998999999998,15.965404000000001,6898000
2011-06-30,23.17,23.594998999999998,23.01,23.34,16.159252,6053200
2011-07-01,23.389999,23.74,23.285,23.715,16.418885999999997,5155200
2011-07-05,23.700001,23.700001,23.17,23.225,16.079635999999997,6196200
2011-07-06,23.129998999999998,23.264999,22.92,23.215,16.072714,4790000
2011-07-07,23.475,23.75,23.405001000000002,23.700001,16.408499,6186800
2011-07-08,23.309998999999998,23.395,22.934998999999998,23.254998999999998,16.100409,7143200
2011-07-11,22.885,22.9,22.334999,22.389999,15.501532000000001,6931800
2011-07-12,22.254998999999998,22.74,22.225,22.530001000000002,15.598459,8704200
2011-07-13,22.65,23.004998999999998,22.5,22.674999,15.698853,6210600
2011-07-14,22.775,22.915001,22.545,22.625,15.664232,7943800
2011-07-15,22.715,22.764999,22.465,22.674999,15.698853,7255200
2011-07-18,22.540001,22.59,22.049999,22.165001,15.345754999999999,7752400
2011-07-19,22.33,22.575001,22.115,22.545,15.608847,5419200
2011-07-20,22.610001,22.82,22.360001,22.674999,15.698853,6817200
2011-07-21,23.014999,23.75,22.959999,23.309998999999998,16.138486999999998,13267400
2011-07-22,23.405001000000002,23.405001000000002,23.040001,23.105,15.996551,5474600
2011-07-25,22.91,22.985001,22.65,22.860001,15.826931,4755000
2011-07-26,22.809998999999998,22.924999,22.615,22.66,15.688464000000002,5469600
2011-07-27,22.559998999999998,22.625,22.030001000000002,22.075001,15.283439999999999,8760000
2011-07-28,23.075001,23.690001000000002,22.905001000000002,22.99,15.916934,13057200
2011-07-29,22.76,23.190001000000002,22.75,23.030001000000002,15.944632,9706400
2011-08-01,23.4,23.445,22.610001,22.85,15.820007,7452200
2011-08-02,22.625,22.75,22.280001000000002,22.285,15.428834,10067400
2011-08-03,22.309998999999998,22.485001,21.795,22.43,15.529223000000002,9481400
2011-08-04,22.07,22.165001,21.129998999999998,21.129998999999998,14.629176000000001,12284800
2011-08-05,21.344998999999998,21.48,20.375,20.860001,14.44225,17189200
2011-08-08,20.15,20.775,18.815001000000002,18.84,13.043714999999999,20611000
2011-08-09,19.25,19.809998999999998,18.174999,19.805,13.711829000000002,21121200
2011-08-10,19.385,19.385,17.745001000000002,17.785,12.313296000000001,22488000
2011-08-11,18.09,19.27,17.559998999999998,18.965,13.13026,16767000
2011-08-12,19.225,19.49,18.555,18.674999,12.92948,8803200
2011-08-15,18.834999,19.084999,18.68,19.025,13.386851,9016800
2011-08-16,18.764999,18.995001000000002,18.485001,18.655001000000002,13.126503,9400000
2011-08-17,18.775,18.950001,18.5,18.74,13.186314000000001,8512200
2011-08-18,18.105,18.195,17.52,17.68,12.440449000000001,15142400
2011-08-19,17.440001000000002,18.094998999999998,17.264999,17.305,12.176581,9949200
2011-08-22,17.780001000000002,17.790001,17.195,17.440001000000002,12.271573,11706400
2011-08-23,17.495001000000002,17.84,17.315001000000002,17.77,12.503774,10426200
2011-08-24,17.67,18.25,17.575001,18.219998999999998,12.820414999999999,7094600
2011-08-25,18.370001000000002,18.594998999999998,17.4,17.629998999999998,12.405264,7984600
2011-08-26,17.51,17.924999,17.17,17.77,12.503774,6311000
2011-08-29,18.1,18.645,18.084999,18.645,13.119466000000001,5955600
2011-08-30,18.465,18.625,18.174999,18.459999,12.989291,5805000
2011-08-31,18.625,19.07,18.555,18.860001,13.27075,10448000
2011-09-01,18.905001000000002,18.995001000000002,18.32,18.344998999999998,12.908371,10119200
2011-09-02,17.889999,17.99,17.495001000000002,17.495001000000002,12.310274,6190000
2011-09-06,16.82,17.035,16.625,16.955,11.930305,8067400
2011-09-07,17.415001,17.995001000000002,17.275,17.934998999999998,12.619879,8208600
2011-09-08,17.76,17.870001000000002,17.370001000000002,17.535,12.338419,10879200
2011-09-09,17.295,17.465,16.719998999999998,16.915001,11.902158,9950200
2011-09-12,16.67,17.1,16.5,17.09,12.025297,9166200
2011-09-13,17.09,17.41,16.969998999999998,17.135,12.056962,7312400
2011-09-14,17.305,17.715,16.82,17.469998999999998,12.292682000000001,8794200
2011-09-15,17.75,18.120001000000002,17.565001000000002,18.115,12.746533,8637200
2011-09-16,18.24,18.5,17.950001,18.165001,12.781716000000001,9164000
2011-09-19,17.785,17.875,17.33,17.719998999999998,12.468592,7847400
2011-09-20,17.82,17.945,17.5,17.530001000000002,12.334901,9312400
2011-09-21,17.625,17.705,16.59,16.594998999999998,11.676991000000001,10351200
2011-09-22,16.195,16.280001000000002,15.685,16.01,11.265362,22234000
2011-09-23,15.86,16.225,15.65,15.73,11.068338,12437400
2011-09-26,15.965,16.33,15.625,16.290001,11.46238,11383000
2011-09-27,17.02,17.594998999999998,16.815001000000002,17.235001,12.127325,14402400
2011-09-28,17.305,17.559998999999998,16.815001000000002,16.92,11.905678,12764400
2011-09-29,17.360001,17.940001000000002,17.334999,17.940001000000002,12.623394000000001,12411400
2011-09-30,17.555,17.790001,17.465,17.475,12.2962,13354000
2011-10-03,17.25,17.65,16.780001000000002,16.785,11.810685000000001,14171800
2011-10-04,16.475,18.120001000000002,16.370001000000002,18.065001000000002,12.711349,16988600
2011-10-05,18.08,18.745001000000002,17.73,18.709999,13.165203,13292800
2011-10-06,18.610001,19.200001,18.459999,19.115,13.450179,10091000
2011-10-07,19.215,19.24,18.285,18.315001000000002,12.887262,12697200
2011-10-10,18.700001,19.280001000000002,18.700001,19.275,13.562762,7767600
2011-10-11,19.135,19.635,19.01,19.485001,13.710526999999999,7246200
2011-10-12,19.834999,20.950001,19.73,20.309998999999998,14.291032000000001,14787600
2011-10-13,20.120001000000002,20.235001,19.700001,20.139999,14.171413000000001,9123400
2011-10-14,20.469998999999998,20.84,20.18,20.65,14.530273999999999,7875000
2011-10-17,20.495001000000002,20.5,19.805,19.825001,13.949766,9187600
2011-10-18,19.92,21.135,19.469998999999998,20.945,14.737848000000001,12890600
2011-10-19,20.875,21.174999,20.41,20.52,14.438798,8931800
2011-10-20,20.66,20.799999,20.115,20.684998999999998,14.554901999999998,10298200
2011-10-21,21.014999,21.57,20.870001000000002,21.360001,15.029860000000001,8562800
2011-10-24,21.450001,21.895,21.344998999999998,21.67,15.247995000000001,9592200
2011-10-25,21.525,21.525,20.780001000000002,20.870001000000002,14.685078,8021600
2011-10-26,21.325001,21.695,20.715,21.514999,15.138925,8502600
2011-10-27,22.975,23.99,22.924999,23.385,16.454741000000002,17083000
2011-10-28,23.41,23.665001,23.145,23.370001000000002,16.444193,8807200
2011-10-31,22.684998999999998,23.115,22.4,22.545,15.863682,8785000
2011-11-01,21.49,22.075001,20.945,21.485001,15.117819,14659400
2011-11-02,22.014999,22.389999,21.83,22.25,15.656101999999999,10250600
2011-11-03,22.555,22.915001,22.004998999999998,22.844998999999998,16.07477,9460400
2011-11-04,22.535,22.76,22.285,22.645,15.934048,5485800
2011-11-07,22.610001,22.844998999999998,22.205,22.815001000000002,16.053665,5921400
2011-11-08,22.995001000000002,23.27,22.620001000000002,23.215,16.335125,6269800
2011-11-09,22.475,22.475,21.584999,21.684998999999998,15.258548999999999,11777800
2011-11-10,22.110001,22.245001000000002,21.645,21.855,15.378167999999999,8182200
2011-11-11,22.110001,22.629998999999998,22.110001,22.434998999999998,15.786285999999999,5710000
2011-11-14,22.120001000000002,22.290001,21.924999,22.155001000000002,15.821987,4995600
2011-11-15,22.004998999999998,22.305,21.709999,22.1,15.782708,4661200
2011-11-16,21.975,22.290001,21.610001,21.65,15.461344,7408000
2011-11-17,21.620001000000002,21.85,20.860001,20.98,14.982866,9754200
2011-11-18,21.059998999999998,21.115,20.75,20.99,14.990006,6554200
2011-11-21,20.655001000000002,20.665001,20.125,20.535,14.665065,7810200
2011-11-22,19.934998999999998,20.549999,19.834999,20.504998999999998,14.643641,7958200
2011-11-23,20.25,20.285,19.709999,19.745001000000002,14.100888000000001,7497200
2011-11-25,19.645,20.08,19.465,19.525,13.943771,4417200
2011-11-28,20.200001,20.57,20.105,20.370001000000002,14.547229999999999,6597200
2011-11-29,20.385,20.645,20.254998999999998,20.440001000000002,14.597218,6605600
2011-11-30,21.155001000000002,21.75,21.07,21.719998999999998,15.511332999999999,7996200
2011-12-01,21.674999,21.74,21.334999,21.52,15.368503,5002600
2011-12-02,21.67,22.174999,21.67,21.855,15.607744,8187600
2011-12-05,22.200001,22.780001000000002,21.969998999999998,22.215,15.864837,7457600
2011-12-06,22.305,22.594998999999998,22.025,22.4,15.996954999999998,6670000
2011-12-07,22.219998999999998,22.58,21.905001000000002,22.41,16.004097,7072400
2011-12-08,22.235001,22.26,21.27,21.34,15.239958999999999,8398000
2011-12-09,21.504998999999998,22.01,21.504998999999998,21.889999,15.632735999999998,8253000
2011-12-12,21.540001,21.540001,21.059998999999998,21.445,15.314942000000002,6168200
2011-12-13,21.68,21.834999,20.82,21.120001000000002,15.082847000000001,8134400
2011-12-14,21.01,21.184998999999998,20.665001,20.809998999999998,14.861455,7651200
2011-12-15,21.184998999999998,21.280001000000002,20.559998999999998,20.6,14.711481,9810600
2011-12-16,20.725,20.870001000000002,20.370001000000002,20.455,14.607934,11111800
2011-12-19,20.485001,20.68,19.785,19.83,14.161586999999999,8303600
2011-12-20,20.290001,20.645,20.209999,20.424999,14.586506,10927400
2011-12-21,20.495001000000002,20.959999,20.370001000000002,20.860001,14.897165,7634400
2011-12-22,20.915001,21.295,20.77,21.209999,15.147120000000001,5010000
2011-12-23,21.275,21.545,21.105,21.540001,15.382784,4187000
2011-12-27,21.514999,21.75,21.5,21.65,15.461344,4099200
2011-12-28,21.655001000000002,21.695,21.110001,21.200001,15.139976999999998,4736600
2011-12-29,21.275,21.75,21.25,21.635,15.450629000000001,5098600
2011-12-30,21.514999,21.85,21.504998999999998,21.629998999999998,15.447056,3794800
2012-01-03,22.24,22.625,22.209999,22.440001000000002,16.025526,7001600
2012-01-04,22.375,22.375,22.030001000000002,22.285,15.914829999999998,6713400
2012-01-05,22.045,22.635,21.665001,22.43,16.018381,6241400
2012-01-06,22.424999,22.455,22.07,22.120001000000002,15.796989000000002,4759600
2012-01-09,21.74,21.844998999999998,21.235001,21.615,15.436345999999999,11966000
2012-01-10,21.959999,22.120001000000002,21.844998999999998,21.934998999999998,15.664875,9027600
2012-01-11,21.844998999999998,22.145,21.745001000000002,22.105,15.786283,7498200
2012-01-12,22.23,22.43,21.75,22.035,15.736286999999999,7712000
2012-01-13,21.690001000000002,21.719998999999998,21.15,21.59,15.418498000000001,8367200
2012-01-17,21.91,22.09,21.795,21.879998999999998,15.6256,7991200
2012-01-18,21.889999,22.665001,21.705,22.59,16.132648,8129800
2012-01-19,22.780001000000002,23.625,22.780001000000002,23.565001000000002,16.828938,17282000
2012-01-20,23.57,23.985001,23.440001000000002,23.955,17.10746,9318000
2012-01-23,23.965,24.33,23.85,24.025,17.15745,5663800
2012-01-24,23.855,24.620001000000002,23.719998999999998,24.535,17.521664,8804400
2012-01-25,24.385,24.605,24.174999,24.58,17.553798999999998,8024800
2012-01-26,24.795,24.795,24.15,24.389999,17.418114000000003,8669600
2012-01-27,24.23,24.639999,24.135,24.52,17.510952,8056200
2012-01-30,24.25,24.305,23.84,24.205,17.285997000000002,8857800
2012-01-31,24.57,24.625,24.065001000000002,24.115,17.22172,10328800
2012-02-01,24.094998999999998,24.424999,23.290001,24.129998999999998,17.232437,19553600
2012-02-02,24.25,24.334999,23.875,24.24,17.310993,6849200
2012-02-03,24.6,25.165001,24.48,24.99,17.846602999999998,9692400
2012-02-06,24.775,24.885,24.639999,24.799999,17.710913,4911800
2012-02-07,24.66,24.945,24.514999,24.639999,17.596647,6365400
2012-02-08,24.67,24.775,24.475,24.684998999999998,17.628788,4894800
2012-02-09,24.75,24.84,24.280001000000002,24.514999,17.507381,5782600
2012-02-10,24.200001,24.235001,24.0,24.165001,17.257425,5551200
2012-02-13,24.195,24.545,24.195,24.455,17.706331,5952000
2012-02-14,24.334999,24.379998999999998,23.98,24.280001000000002,17.579629999999998,6218600
2012-02-15,24.43,24.52,23.91,24.035,17.402241,5747400
2012-02-16,23.93,24.299999,23.865,24.09,17.442059,6838000
2012-02-17,24.145,24.165001,23.84,24.004998999999998,17.380514,6875800
2012-02-21,24.105,24.275,23.860001,23.955,17.344313,6357000
2012-02-22,23.92,23.955,23.475,23.48,17.000395,7179800
2012-02-23,23.485001,23.735001,23.440001000000002,23.620001000000002,17.101761,6247600
2012-02-24,23.75,23.875,23.395,23.450001,16.978679999999997,5809200
2012-02-27,23.32,23.434998999999998,23.094998999999998,23.35,16.906271,5892800
2012-02-28,23.42,23.5,23.075001,23.445,16.975056,6076200
2012-02-29,23.514999,23.969998999999998,23.514999,23.625,17.105383,8551600
2012-03-01,23.684998999999998,24.045,23.58,23.705,17.163301,5719800
2012-03-02,23.715,23.754998999999998,23.469998999999998,23.540001,17.04384,4561400
2012-03-05,23.415001,23.65,23.34,23.514999,17.025743,3569600
2012-03-06,23.18,23.209999,22.459999,22.610001,16.370483,8398200
2012-03-07,22.805,22.860001,22.6,22.65,16.399448,6597000
2012-03-08,22.82,22.82,22.184998999999998,22.379998999999998,16.203955,9064000
2012-03-09,22.35,22.780001000000002,22.219998999999998,22.58,16.348768,7738200
2012-03-12,22.58,22.620001000000002,22.26,22.365,16.193094,4713600
2012-03-13,22.525,23.040001,22.41,23.035,16.678198000000002,6155400
2012-03-14,22.995001000000002,23.285,22.870001000000002,23.105,16.728888,6552400
2012-03-15,23.139999,23.76,23.025,23.75,17.195887,7797400
2012-03-16,23.780001000000002,23.93,23.385,23.434998999999998,16.967814999999998,7179800
2012-03-19,23.445,24.110001,23.4,23.785,17.221222,8479200
2012-03-20,23.620001000000002,23.934998999999998,23.469998999999998,23.780001000000002,17.217610999999998,6274600
2012-03-21,23.82,23.82,23.275,23.344998999999998,16.902651000000002,7194000
2012-03-22,23.184998999999998,23.205,22.67,22.799999,16.508049,6268800
2012-03-23,22.85,22.959999,22.709999,22.860001,16.551493,4472400
2012-03-26,23.120001000000002,23.469998999999998,23.014999,23.43,16.964197,9606400
2012-03-27,23.530001000000002,23.58,23.200001,23.32,16.884554,4281400
2012-03-28,23.32,23.42,22.924999,23.254998999999998,16.837488,4848000
2012-03-29,23.08,23.16,22.615,22.9,16.580454,7514000
2012-03-30,23.040001,23.135,22.764999,22.995001000000002,16.649237,4207800
2012-04-02,22.950001,23.290001,22.875,23.205,16.801291,5919200
2012-04-03,23.1,23.235001,22.629998999999998,22.92,16.594934,6128200
2012-04-04,22.635,22.645,22.305,22.52,16.305323,5848600
2012-04-05,22.385,22.485001,22.209999,22.4,16.218435,4357200
2012-04-09,21.98,21.985001,21.715,21.809998999999998,15.791256,4989800
2012-04-10,21.684998999999998,21.875,21.02,21.110001,15.284432999999998,10603800
2012-04-11,21.440001000000002,21.584999,21.25,21.52,15.581282999999999,7745800
2012-04-12,21.549999,22.120001000000002,21.545,22.105,16.004845,8141600
2012-04-13,22.075001,22.105,21.434998999999998,21.440001000000002,15.523361999999999,7240200
2012-04-16,21.43,21.655001000000002,21.23,21.4,15.494401000000002,5152400
2012-04-17,21.645,21.924999,21.379998999999998,21.85,15.820216,6105600
2012-04-18,21.73,21.73,21.325001,21.4,15.494401000000002,5975800
2012-04-19,21.440001000000002,21.495001000000002,20.965,21.145,15.309769000000001,8447200
2012-04-20,21.215,21.385,20.795,20.809998999999998,15.067216,9899400
2012-04-23,20.504998999999998,20.745001000000002,20.26,20.68,14.973088,15442400
2012-04-24,20.809998999999998,21.275,20.725,21.0,15.204782999999999,9949200
2012-04-25,22.129998999999998,22.844998999999998,22.01,22.629998999999998,16.38496,18517000
2012-04-26,22.575001,22.625,22.155001000000002,22.51,16.29808,9315200
2012-04-27,22.610001,22.705,22.280001000000002,22.584999,16.352383,6035600
2012-04-30,22.475,22.549999,22.26,22.52,16.305323,5803800
2012-05-01,22.485001,23.08,22.43,22.754998999999998,16.475471,9576600
2012-05-02,22.700001,22.700001,22.209999,22.504998999999998,16.29446,5985800
2012-05-03,22.495001000000002,22.65,22.15,22.174999,16.055531,7377200
2012-05-04,22.030001000000002,22.09,21.559998999999998,21.74,15.740570000000002,6964200
2012-05-07,21.65,21.9,21.5,21.870001000000002,15.834696,6281200
2012-05-08,21.629998999999998,21.844998999999998,21.4,21.795,15.780398000000002,6431200
2012-05-09,21.445,21.625,21.205,21.385,15.483542000000002,6194200
2012-05-10,21.674999,21.870001000000002,21.48,21.545,15.599383999999999,6135400
2012-05-11,21.290001,21.969998999999998,21.205,21.68,15.697135999999999,6083200
2012-05-14,21.209999,21.504998999999998,21.15,21.365,15.708158,6942000
2012-05-15,21.24,21.59,21.17,21.285,15.649338,8248200
2012-05-16,21.535,21.775,20.799999,20.805,15.296426,8464400
2012-05-17,20.584999,20.690001000000002,19.83,19.91,14.638401000000002,14681400
2012-05-18,20.045,20.195,19.450001,19.535,14.362687,10285400
2012-05-21,19.815001000000002,20.08,19.535,19.865,14.605313,7249800
2012-05-22,19.955,20.385,19.865,20.055,14.745012,7660200
2012-05-23,19.875,19.985001,19.42,19.92,14.64575,8051400
2012-05-24,20.059998999999998,20.065001000000002,19.59,19.84,14.586935,6161200
2012-05-25,19.83,19.940001000000002,19.52,19.610001,14.417832999999998,4783200
2012-05-29,19.825001,20.139999,19.775,20.125,14.796472,6578600
2012-05-30,19.905001000000002,19.940001000000002,19.610001,19.83,14.579582,6850000
2012-05-31,19.875,20.195,19.535,20.040001,14.733977,9097000
2012-06-01,19.59,19.709999,19.285,19.325001,14.208291000000001,7754400
2012-06-04,19.375,19.51,19.065001000000002,19.225,14.134768,6910200
2012-06-05,19.09,19.559998999999998,19.09,19.445,14.296516,6897600
2012-06-06,19.684998999999998,20.264999,19.59,20.264999,14.899404999999998,6432800
2012-06-07,20.475,20.879998999999998,20.355,20.450001,15.035420000000002,11450200
2012-06-08,20.375,20.395,20.08,20.32,14.939843,7354000
2012-06-11,20.605,20.66,19.985001,20.0,14.704568,5623800
2012-06-12,20.030001000000002,20.355,20.014999,20.32,14.939843,5411400
2012-06-13,20.235001,20.525,20.049999,20.139999,14.807502,5309800
2012-06-14,20.200001,20.85,20.094998999999998,20.815001000000002,15.303782,8566400
2012-06-15,20.93,21.065001000000002,20.825001,20.99,15.432445999999999,7046200
2012-06-18,20.905001000000002,20.905001000000002,20.559998999999998,20.684998999999998,15.208204,5076800
2012-06-19,20.844998999999998,21.209999,20.815001000000002,21.115,15.524351999999999,5007000
2012-06-20,21.174999,21.375,20.959999,21.195,15.583164000000002,5018600
2012-06-21,21.27,21.405001000000002,20.445,20.535,15.097916,5709600
2012-06-22,20.684998999999998,20.75,20.424999,20.555,15.112626,4841800
2012-06-25,20.305,20.305,19.67,19.834999,14.583255,6596800
2012-06-26,19.924999,20.24,19.815001000000002,20.110001,14.785447,5153000
2012-06-27,20.155001000000002,20.415001,20.035,20.370001000000002,14.976607000000001,3731800
2012-06-28,20.094998999999998,20.514999,20.035,20.5,15.072182000000002,5433800
2012-06-29,21.084999,21.309998999999998,21.004998999999998,21.295,15.656695000000001,8063200
2012-07-02,21.440001000000002,21.700001,21.139999,21.415001,15.744922,4734800
2012-07-03,21.415001,21.754998999999998,21.309998999999998,21.684998999999998,15.943432000000001,3109600
2012-07-05,21.495001000000002,21.625,21.299999,21.475,15.789034,3517200
2012-07-06,21.195,21.379998999999998,21.049999,21.315001000000002,15.671394,2863000
2012-07-09,21.25,21.315001000000002,21.09,21.280001000000002,15.645663,2984000
2012-07-10,21.424999,21.645,21.045,21.145,15.546408,4711000
2012-07-11,21.219998999999998,21.535,21.190001000000002,21.48,15.792710000000001,5471000
2012-07-12,21.334999,21.450001,21.08,21.219998999999998,15.601548999999999,4332000
2012-07-13,21.379998999999998,21.875,21.295,21.799999,16.027983,5330200
2012-07-16,21.715,21.73,21.450001,21.6,15.880935000000001,4300600
2012-07-17,21.77,21.85,21.434998999999998,21.805,16.031658,4932600
2012-07-18,21.885,22.094998999999998,21.775,21.950001,16.138269,4558000
2012-07-19,22.01,22.135,21.885,22.02,16.189729999999997,4154600
2012-07-20,22.014999,22.1,21.465,21.639999,15.910345999999999,8867400
2012-07-23,21.440001000000002,21.440001000000002,20.9,21.205,15.590522,8854200
2012-07-24,21.200001,21.325001,20.735001,21.01,15.447151999999999,6339600
2012-07-25,21.15,21.219998999999998,20.485001,20.645,15.17879,9218000
2012-07-26,21.049999,21.195,20.565001000000002,20.74,15.248639,8299400
2012-07-27,20.924999,21.860001,20.809998999999998,21.745001000000002,15.987545,8079800
2012-07-30,21.66,22.0,21.575001,21.92,16.116211,5109200
2012-07-31,22.07,22.07,21.76,21.889999,16.094154,5543600
2012-08-01,22.065001000000002,23.459999,21.785,21.9,16.101505,19991000
2012-08-02,21.745001000000002,21.775,21.195,21.57,15.85888,11320200
2012-08-03,22.045,22.48,21.905001000000002,22.290001,16.388241,7533000
2012-08-06,22.355,22.620001000000002,22.290001,22.469998999999998,16.520584,4397000
2012-08-07,22.6,22.969998999999998,22.525,22.775,16.744829,6704000
2012-08-08,22.6,22.955,22.6,22.889999,16.829382,3753400
2012-08-09,22.6,22.955,22.514999,22.85,16.799974,5128400
2012-08-10,22.775,22.975,22.65,22.93,16.858793,3995400
2012-08-13,22.815001000000002,22.879998999999998,22.615,22.780001000000002,16.993063,3954400
2012-08-14,22.945,23.02,22.545,22.615,16.869979999999998,3923400
2012-08-15,22.610001,22.950001,22.565001000000002,22.82,17.022903,3613400
2012-08-16,22.85,23.035,22.690001000000002,22.950001,17.119879,4036400
2012-08-17,22.985001,23.08,22.764999,23.059998999999998,17.201933,3990800
2012-08-20,22.975,23.139999,22.870001000000002,23.049999,17.194477,4198200
2012-08-21,23.18,23.450001,23.049999,23.254998999999998,17.347395000000002,7355200
2012-08-22,23.200001,23.25,22.889999,23.045,17.190746,3411200
2012-08-23,22.995001000000002,23.02,22.735001,22.855,17.049011,3042000
2012-08-24,22.780001000000002,23.15,22.76,23.09,17.224312,4462600
2012-08-27,23.174999,23.264999,23.01,23.075001,17.213123,3100200
2012-08-28,23.004998999999998,23.23,22.955,23.094998999999998,17.228045,2871800
2012-08-29,23.145,23.235001,23.035,23.165001,17.280258,2822800
2012-08-30,23.025,23.125,22.879998999999998,23.01,17.164637,2781000
2012-08-31,23.174999,23.285,23.0,23.09,17.224312,5148800
2012-09-04,23.129998999999998,23.309998999999998,22.965,23.25,17.34367,3749800
2012-09-05,23.215,23.309998999999998,22.9,22.940001000000002,17.112417,5617600
2012-09-06,23.17,23.725,23.129998999999998,23.705,17.683076999999997,6606600
2012-09-07,23.809998999999998,24.264999,23.785,24.145,18.011307000000002,7385200
2012-09-10,24.209999,24.299999,23.995001000000002,24.0,17.903141,4507400
2012-09-11,24.004998999999998,24.375,24.004998999999998,24.309998999999998,18.134386,5287800
2012-09-12,24.235001,24.459999,24.129998999999998,24.27,18.104551,4460200
2012-09-13,24.27,24.76,23.955,24.67,18.402939,5900200
2012-09-14,24.775,25.120001000000002,24.705,24.83,18.522291,5308000
2012-09-17,24.74,24.855,24.51,24.635,18.376825,4767800
2012-09-18,24.459999,24.51,24.225,24.344998999999998,18.160498,5546200
2012-09-19,24.34,24.465,24.205,24.299999,18.126928,4158800
2012-09-20,24.215,24.375,24.014999,24.325001,18.14558,4114000
2012-09-21,24.455,24.455,24.084999,24.09,17.970278,5943600
2012-09-24,24.02,24.32,24.0,24.155001000000002,18.018763,3936600
2012-09-25,24.24,24.405001000000002,23.775,23.780001000000002,17.739029000000002,5018400
2012-09-26,23.73,23.735001,23.174999,23.325001,17.399614,6583000
2012-09-27,23.525,23.895,23.48,23.860001,17.798704,4728600
2012-09-28,23.785,24.040001,23.6,23.940001000000002,17.858385000000002,5447400
2012-10-01,24.09,24.24,23.725,23.799999,17.753944,3605800
2012-10-02,23.93,24.049999,23.625,23.780001000000002,17.739029000000002,3943600
2012-10-03,23.9,23.940001000000002,23.625,23.764999,17.727839000000003,3732800
2012-10-04,23.924999,24.25,23.85,24.215,18.063528,3918000
2012-10-05,24.4,24.575001,24.155001000000002,24.305,18.130663000000002,4771800
2012-10-08,24.129998999999998,24.395,24.1,24.334999,18.153038000000002,1793600
2012-10-09,24.280001000000002,24.41,24.0,24.030001000000002,17.925514,3017200
2012-10-10,24.01,24.084999,23.715,23.805,17.757679,5326400
2012-10-11,24.004998999999998,24.285,23.995001000000002,24.145,18.011307000000002,3827600
2012-10-12,24.125,24.190001000000002,23.764999,24.07,17.955354999999997,4188200
2012-10-15,24.174999,24.42,23.955,24.389999,18.194065,4165200
2012-10-16,24.5,24.85,24.465,24.705,18.429047,5246000
2012-10-17,24.860001,25.18,24.715,25.139999,18.753544,5909600
2012-10-18,25.035,25.23,24.865,25.055,18.690132000000002,5619400
2012-10-19,24.955,25.1,24.68,24.844998999999998,18.533482,6705400
2012-10-22,24.775,25.094998999999998,24.754998999999998,25.094998999999998,18.719973,5698800
2012-10-23,24.709999,24.885,24.610001,24.83,18.522291,5633400
2012-10-24,24.799999,25.15,24.285,24.719998999999998,18.440235,7924000
2012-10-25,24.945,25.09,24.705,25.014999,18.660295,5347800
2012-10-26,24.945,25.025,24.620001000000002,24.790001,18.492453,4336200
2012-10-31,24.85,25.07,24.725,24.889999,18.567045,5107800
2012-11-01,24.98,25.535,24.905001000000002,25.469998999999998,18.999706,6137400
2012-11-02,25.59,25.625,25.139999,25.315001000000002,18.884087,4951400
2012-11-05,25.24,25.655001000000002,25.059998999999998,25.594998999999998,19.092957000000002,5199200
2012-11-06,25.584999,26.23,25.52,26.094998999999998,19.465933,8886800
2012-11-07,25.725,25.725,25.09,25.24,18.828135,7053200
2012-11-08,25.295,25.514999,24.855,24.860001,18.544667999999998,6098400
2012-11-09,24.715,24.955,24.540001,24.809998999999998,18.771658,7756000
2012-11-12,24.889999,24.959999,24.725,24.92,18.854881,3588200
2012-11-13,24.725,25.309998999999998,24.674999,25.014999,18.926764000000002,5367800
2012-11-14,25.084999,25.365,24.76,24.82,18.779217000000003,7463600
2012-11-15,24.844998999999998,25.355,24.75,25.07,18.968374,8156600
2012-11-16,25.08,25.235001,24.799999,25.205,19.070522,9472000
2012-11-19,25.465,25.725,25.360001,25.719998999999998,19.460175,6440400
2012-11-20,25.615,25.75,25.25,25.48,19.278586999999998,6062000
2012-11-21,25.615,25.620001000000002,25.225,25.615,19.38073,4130800
2012-11-23,25.75,25.950001,25.690001000000002,25.945,19.630417,2324400
2012-11-26,25.775,26.0,25.754998999999998,25.924999,19.615284,5239200
2012-11-27,25.91,25.995001000000002,25.690001000000002,25.754998999999998,19.486654,4744400
2012-11-28,25.68,26.02,25.545,25.995001000000002,19.668249,3832200
2012-11-29,26.045,26.375,26.0,26.334999,19.925493,4864000
2012-11-30,26.334999,26.57,26.23,26.495001000000002,20.046556,5826600
2012-12-03,26.59,26.635,26.344998999999998,26.375,19.955759,5966400
2012-12-04,26.35,26.440001000000002,26.129998999999998,26.285,19.887665,4556800
2012-12-05,26.375,26.875,26.299999,26.790001,20.269754000000002,6743800
2012-12-06,26.754998999999998,26.91,26.41,26.9,20.352983,4816000
2012-12-07,27.07,27.190001000000002,26.639999,26.790001,20.269754000000002,4812600
2012-12-10,26.695,26.924999,26.66,26.785,20.265978,3624200
2012-12-11,26.92,27.105,26.790001,27.045,20.46269,5538000
2012-12-12,27.209999,27.465,27.030001000000002,27.094998999999998,20.500526,5707000
2012-12-13,27.084999,27.25,26.665001,26.709999,20.209223,4101000
2012-12-14,26.705,26.825001,26.559998999999998,26.615,20.137344,4756400
2012-12-17,26.754998999999998,27.049999,26.655001000000002,27.045,20.46269,4167000
2012-12-18,27.045,27.35,26.975,27.315001000000002,20.666985,6442000
2012-12-19,27.375,27.405001000000002,27.120001000000002,27.190001000000002,20.572405,6405800
2012-12-20,27.26,27.355,26.975,27.35,20.693462,4299000
2012-12-21,27.184998999999998,27.209999,26.805,26.905001000000002,20.356768,7626000
2012-12-24,26.9,26.985001,26.83,26.889999,20.345420999999998,1363800
2012-12-26,26.9,27.01,26.65,26.75,20.239492000000002,3569200
2012-12-27,26.785,26.795,26.225,26.504998999999998,20.054117,6084600
2012-12-28,26.305,26.405001000000002,26.094998999999998,26.125,19.766603,5043400
2012-12-31,26.139999,26.565001000000002,25.93,26.559998999999998,20.095734,5228800
2013-01-02,27.195,27.219998999999998,26.860001,27.035,20.45513,8072800
2013-01-03,26.809998999999998,26.809998999999998,26.055,26.35,19.936846,10289000
2013-01-04,26.440001000000002,26.57,26.004998999999998,26.02,19.687162,8746400
2013-01-07,25.91,25.934998999999998,25.545,25.92,19.6115,9042200
2013-01-08,25.834999,26.219998999999998,25.764999,26.219998999999998,19.838484,6733600
2013-01-09,26.049999,26.35,26.049999,26.25,19.861179,4292400
2013-01-10,26.49,26.705,26.334999,26.684998999999998,20.190313,4806800
2013-01-11,26.68,26.68,26.24,26.465,20.023857,4253400
2013-01-14,26.5,26.625,26.174999,26.475,20.03142,3223800
2013-01-15,26.15,26.555,25.995001000000002,26.514999,20.06168,7605200
2013-01-16,26.370001000000002,26.405001000000002,25.754998999999998,25.805,19.524485000000002,8318400
2013-01-17,25.799999,25.99,25.525,25.719998999999998,19.460175,8959600
2013-01-18,25.775,25.889999,25.639999,25.735001,19.471523,7466600
2013-01-22,25.75,26.395,25.735001,26.32,19.914145,8376200
2013-01-23,26.235001,26.66,26.209999,26.565001000000002,20.099518,4679000
2013-01-24,26.594998999999998,26.975,26.514999,26.805,20.281107000000002,7075000
2013-01-25,26.860001,26.879998999999998,26.48,26.74,20.231926,4849800
2013-01-28,26.885,26.885,26.375,26.495001000000002,20.046556,5934200
2013-01-29,26.434998999999998,26.719998999999998,26.305,26.674999,20.182745,4665400
2013-01-30,26.625,26.665001,26.18,26.23,19.84605,4898800
2013-01-31,26.205,26.605,26.094998999999998,26.530001000000002,20.073036,5429000
2013-02-01,26.775,26.780001000000002,26.48,26.530001000000002,20.073036,5100200
2013-02-04,26.424999,26.485001,26.225,26.424999,19.993586999999998,5633200
2013-02-05,26.469998999999998,27.035,26.4,26.745001000000002,20.23571,7432200
2013-02-06,25.764999,26.065001000000002,24.75,25.59,19.361814000000003,17468400
2013-02-07,25.59,25.620001000000002,24.959999,25.09,18.983508999999998,9987600
2013-02-08,25.190001000000002,25.25,25.040001,25.174999,19.047819,8350200
2013-02-11,25.18,25.195,25.055,25.129998999999998,19.013773,6643600
2013-02-12,25.055,25.110001,24.709999,24.75,18.726257,15409800
2013-02-13,24.715,24.77,24.245001000000002,24.325001,18.668699,12122400
2013-02-14,24.215,24.465,24.084999,24.415001,18.73777,9968800
2013-02-15,24.469998999999998,24.705,24.375,24.67,18.933477,10634000
2013-02-19,24.629998999999998,24.809998999999998,24.415001,24.764999,19.006386,9177000
2013-02-20,25.014999,25.125,24.895,24.91,19.117668,9371400
2013-02-21,24.915001,24.915001,24.549999,24.790001,19.025570000000002,8061000
2013-02-22,24.965,25.035,24.795,25.035,19.213607999999997,5551000
2013-02-25,25.135,25.139999,24.42,24.440001000000002,18.756957999999997,7206200
2013-02-26,24.6,24.73,24.254998999999998,24.405001000000002,18.730091,9379400
2013-02-27,24.43,25.040001,24.389999,24.965,19.159876,8693800
2013-02-28,24.93,25.209999,24.82,24.975,19.167561,6195600
2013-03-01,25.045,25.334999,24.785,25.094998999999998,19.259649,7227200
2013-03-04,25.0,25.135,24.885,25.105,19.267324,5218000
2013-03-05,25.299999,25.625,25.26,25.504998999999998,19.574314,6206800
2013-03-06,25.625,25.764999,25.504998999999998,25.549999,19.608845000000002,4202200
2013-03-07,25.65,25.809998999999998,25.344998999999998,25.785,19.789202,6364800
2013-03-08,25.875,25.969998999999998,25.045,25.07,19.240461,13823600
2013-03-11,25.049999,25.525,24.995001000000002,25.525,19.589666,7024200
2013-03-12,25.445,25.495001000000002,25.295,25.375,19.474543,5429400
2013-03-13,25.4,25.450001,25.215,25.32,19.432331,4309600
2013-03-14,25.445,25.514999,25.25,25.33,19.440008,5324200
2013-03-15,25.33,25.545,25.26,25.540001,19.601171,8249800
2013-03-18,25.235001,25.32,25.055,25.110001,19.271160000000002,6572400
2013-03-19,25.209999,25.225,24.790001,24.905001000000002,19.113832000000002,6906000
2013-03-20,25.084999,25.445,25.004998999999998,25.360001,19.463032000000002,6676800
2013-03-21,25.254998999999998,25.674999,25.125,25.530001000000002,19.593501999999997,9152200
2013-03-22,25.620001000000002,25.924999,25.549999,25.924999,19.896646,6202000
2013-03-25,25.995001000000002,25.995001000000002,25.59,25.76,19.770016000000002,4555600
2013-03-26,25.915001,26.245001000000002,25.809998999999998,26.245001000000002,20.142241000000002,7772400
2013-03-27,26.040001,26.059998999999998,25.825001,25.955,19.919674,4599400
2013-03-28,25.955,26.045,25.805,26.01,19.961878,3891800
2013-04-01,26.030001000000002,26.129998999999998,25.860001,26.075001,20.011768,4906200
2013-04-02,26.225,26.805,26.184998999999998,26.450001,20.299568,7323000
2013-04-03,26.5,26.5,26.23,26.35,20.222828,8062400
2013-04-04,26.25,26.280001000000002,25.6,25.75,19.762341,10670600
2013-04-05,25.4,25.4,24.584999,24.745001000000002,18.991039,12176600
2013-04-08,24.84,24.844998999999998,24.27,24.799999,19.033245,7760800
2013-04-09,24.790001,25.055,24.68,24.875,19.090809,4998800
2013-04-10,24.934998999999998,25.190001000000002,24.860001,25.105,19.267324,6356200
2013-04-11,25.145,25.190001000000002,24.83,24.905001000000002,19.113832000000002,5701200
2013-04-12,24.75,25.065001000000002,24.719998999999998,25.055,19.228952,4408000
2013-04-15,24.959999,25.049999,24.475,24.485001,18.791494,6567200
2013-04-16,24.674999,25.135,24.610001,25.105,19.267324,4939600
2013-04-17,24.875,24.875,24.455,24.58,18.864399,6589600
2013-04-18,24.594998999999998,24.665001,24.280001000000002,24.450001,18.764629,4936000
2013-04-19,24.575001,24.75,24.495001000000002,24.695,18.952662,7582000
2013-04-22,24.74,24.92,24.475,24.860001,19.079292000000002,3826600
2013-04-23,24.959999,25.41,24.889999,25.334999,19.443842,7202400
2013-04-24,25.379998999999998,25.795,25.370001000000002,25.780001000000002,19.785366,6783000
2013-04-25,25.615,26.5,25.610001,26.285,20.172941,12658600
2013-04-26,26.445,26.655001000000002,26.344998999999998,26.6,20.414694,8770200
2013-04-29,26.67,27.200001,26.6,27.02,20.737029999999997,7529000
2013-04-30,27.0,27.355,26.98,27.219998999999998,20.890518,6032200
2013-05-01,27.145,27.485001,27.139999,27.190001000000002,20.867496,4387600
2013-05-02,27.32,27.549999,27.190001000000002,27.469998999999998,21.082392000000002,5224600
2013-05-03,27.74,27.950001,27.655001000000002,27.68,21.243563,4793200
2013-05-06,27.68,27.965,27.67,27.805,21.339489,3486400
2013-05-07,27.790001,27.889999,27.5,27.690001000000002,21.251232,5573800
2013-05-08,27.639999,28.02,27.6,27.955,21.454611,4178000
2013-05-09,27.969998999999998,28.014999,27.375,27.424999,21.04785,7652800
2013-05-10,27.365,27.4,26.785,26.975,20.702494,9170000
2013-05-13,26.975,27.0,26.754998999999998,26.92,20.66028,5745000
2013-05-14,26.975,27.315001000000002,26.950001,27.280001000000002,20.936571,6409600
2013-05-15,27.235001,27.459999,27.184998999999998,27.405001000000002,21.032503,5169200
2013-05-16,27.25,27.440001000000002,27.045,27.16,20.844473,5786400
2013-05-17,27.215,27.65,27.17,27.620001000000002,21.197508,7079200
2013-05-20,27.385,27.945,27.385,27.790001,21.601720999999998,7233600
2013-05-21,27.775,28.17,27.559998999999998,27.92,21.70277,7680200
2013-05-22,28.01,28.385,27.555,27.665001,21.504549,7899400
2013-05-23,27.334999,27.620001000000002,27.24,27.530001000000002,21.399612,5287600
2013-05-24,27.42,27.49,27.01,27.475,21.356861,4185000
2013-05-28,27.82,28.055,27.545,27.555,21.419048,4322600
2013-05-29,27.325001,27.995001000000002,27.264999,27.844998999999998,21.644464000000003,4974000
2013-05-30,27.92,28.48,27.875,28.26,21.96706,4507200
2013-05-31,28.225,28.450001,27.844998999999998,27.844998999999998,21.644464000000003,5188800
2013-06-03,27.92,28.225,27.549999,28.200001,21.920414,6060000
2013-06-04,28.25,28.360001,27.709999,27.905001000000002,21.691109,5020400
2013-06-05,27.809998999999998,27.885,27.475,27.594998999999998,21.450138,4817400
2013-06-06,27.584999,28.375,27.385,28.285,21.986488,7153400
2013-06-07,28.434998999999998,28.620001000000002,28.174999,28.514999,22.16527,7417600
2013-06-10,28.6,28.735001,28.344998999999998,28.4,22.075882,5857600
2013-06-11,28.155001000000002,28.405001000000002,28.065001000000002,28.205,21.924305,7462400
2013-06-12,28.405001000000002,28.48,28.004998999999998,28.040001,21.796045,4782800
2013-06-13,28.049999,28.815001000000002,28.030001000000002,28.73,22.332399,5463600
2013-06-14,28.85,29.23,28.58,28.754998999999998,22.351828,5524600
2013-06-17,28.934998999999998,29.025,28.67,28.790001,22.379036,5645600
2013-06-18,28.865,28.98,28.745001000000002,28.885,22.452881,4978000
2013-06-19,28.950001,29.375,28.610001,28.67,22.285757,7155200
2013-06-20,28.375,28.764999,28.360001,28.475,22.134182,5727400
2013-06-21,28.785,28.785,28.184998999999998,28.33,22.021467,6771000
2013-06-24,28.094998999999998,28.165001,27.6,27.84,21.640585,5260200
2013-06-25,28.065001000000002,28.559998999999998,27.92,28.41,22.083656,4361200
2013-06-26,28.725,28.83,28.42,28.629998999999998,22.254662,3205400
2013-06-27,28.825001,29.16,28.705,29.1,22.620005,5485400
2013-06-28,29.025,29.27,28.725,29.059998999999998,22.588913,5211000
2013-07-01,29.264999,29.315001000000002,28.735001,28.834999,22.414013,5308000
2013-07-02,28.764999,28.93,28.309998999999998,28.395,22.071993,5381800
2013-07-03,28.23,28.375,28.040001,28.299999,21.998144,2678000
2013-07-05,28.495001000000002,28.625,28.285,28.58,22.215801000000003,3769000
2013-07-08,28.695,29.129998999999998,28.690001000000002,29.01,22.550043,4289000
2013-07-09,29.17,29.34,29.0,29.26,22.744377,3821000
2013-07-10,29.190001000000002,29.35,29.045,29.25,22.736604999999997,3255600
2013-07-11,29.535,29.690001000000002,29.334999,29.625,23.028098999999997,3749000
2013-07-12,29.655001000000002,29.684998999999998,29.209999,29.57,22.985344,3691200
2013-07-15,29.530001000000002,29.565001000000002,29.26,29.450001,22.892065,4167000
2013-07-16,29.465,29.665001,29.459999,29.59,23.000889,3865200
2013-07-17,29.655001000000002,29.785,29.465,29.525,22.950363,2629400
2013-07-18,29.674999,29.815001000000002,29.540001,29.665001,23.059189,3814800
2013-07-19,29.719998999999998,29.745001000000002,29.334999,29.695,23.082512,6896000
2013-07-22,29.705,30.165001,29.639999,30.09,23.389551,3512200
2013-07-23,30.184998999999998,30.25,29.785,29.860001,23.210764,4764200
2013-07-24,29.99,30.645,29.445,30.450001,23.669388,9458000
2013-07-25,30.334999,30.344998999999998,29.875,30.23,23.498373,5001200
2013-07-26,30.105,30.559998999999998,29.855,30.545,23.743233,3960400
2013-07-29,30.535,30.674999,30.295,30.504998999999998,23.712135,2834400
2013-07-30,30.594998999999998,30.735001,30.379998999999998,30.424999,23.649952,3630400
2013-07-31,30.395,31.275,30.01,30.84,23.972538,7325400
2013-08-01,31.195,31.815001000000002,31.105,31.77,24.695448000000003,5749000
2013-08-02,31.684998999999998,31.684998999999998,31.040001,31.129998999999998,24.197958,4403600
2013-08-05,31.190001000000002,31.254998999999998,30.91,31.045,24.131891,3908800
2013-08-06,31.02,31.190001000000002,30.655001000000002,30.855,23.984201000000002,3647800
2013-08-07,30.695,30.775,30.549999,30.639999,23.817080999999998,2836800
2013-08-08,30.73,31.08,30.5,30.955,24.061935000000002,4172800
2013-08-09,30.9,31.014999,30.620001000000002,30.76,23.910358,4026800
2013-08-12,30.49,30.809998999999998,30.469998999999998,30.764999,23.914238,3429200
2013-08-13,30.775,31.025,30.605,30.975,24.077478,3072800
2013-08-14,30.945,30.99,30.690001000000002,30.84,23.972538,3304000
2013-08-15,30.48,30.57,30.084999,30.195,23.471167,4875200
2013-08-16,30.115,30.4,30.055,30.27,23.529469,5093200
2013-08-19,30.0,30.08,29.735001,29.745001000000002,23.39185,4265800
2013-08-20,29.745001000000002,30.01,29.514999,29.91,23.521604999999997,2408800
2013-08-21,29.895,29.895,29.49,29.635,23.305342,3438000
2013-08-22,29.76,30.09,29.705,29.969998999999998,23.56879,2479600
2013-08-23,30.02,30.110001,29.764999,29.915001,23.525539000000002,2529000
2013-08-26,29.940001000000002,30.025,29.68,29.684998999999998,23.344662,2383400
2013-08-27,29.344998999999998,29.365,28.875,28.879998999999998,22.711596,4388800
2013-08-28,28.945,29.195,28.870001000000002,28.885,22.715532,3264600
2013-08-29,28.875,29.219998999999998,28.68,28.959999,22.774510999999997,2698400
2013-08-30,29.040001,29.1,28.775,28.895,22.723392,3553800
2013-09-03,29.26,29.575001,28.809998999999998,29.08,22.868881,2875400
2013-09-04,29.125,29.690001000000002,29.059998999999998,29.475,23.179516,3182000
2013-09-05,29.445,29.66,29.385,29.459999,23.167719,2136000
2013-09-06,29.51,29.51,28.879998999999998,29.190001000000002,22.955386999999998,2943400
2013-09-09,29.26,29.525,29.190001000000002,29.525,23.218834,3278600
2013-09-10,29.725,30.025,29.629998999999998,29.959999,23.560923000000003,3512000
2013-09-11,29.975,30.475,29.92,30.41,23.914812,4364200
2013-09-12,30.450001,30.59,30.254998999999998,30.434998999999998,23.934469,3405800
2013-09-13,30.530001000000002,30.58,30.434998999999998,30.52,24.001316,3808000
2013-09-16,31.01,31.065001000000002,30.834999,30.934998999999998,24.327675,4303800
2013-09-17,30.934998999999998,31.15,30.915001,31.110001,24.4653,2722600
2013-09-18,31.049999,31.48,30.934998999999998,31.434998999999998,24.720876999999998,5581600
2013-09-19,31.48,31.5,30.969998999999998,31.08,24.441710999999998,5934400
2013-09-20,31.135,31.33,31.004998999999998,31.16,24.504618,5160400
2013-09-23,31.004998999999998,31.225,30.879998999999998,31.004998999999998,24.382727,3813800
2013-09-24,30.965,31.26,30.945,31.01,24.386657999999997,5173000
2013-09-25,31.075001,31.23,30.950001,31.105,24.461365,2873600
2013-09-26,31.08,31.325001,31.045,31.254998999999998,24.579325,2876400
2013-09-27,31.040001,31.245001000000002,30.975,31.105,24.461365,3378200
2013-09-30,30.76,31.105,30.645,30.995001000000002,24.374857000000002,4220000
2013-10-01,31.305,31.715,31.299999,31.709999,24.937147,4336400
2013-10-02,31.495001000000002,31.605,31.264999,31.605,24.854574,4061200
2013-10-03,31.455,31.594998999999998,31.09,31.455,24.736614000000003,3446600
2013-10-04,31.41,31.969998999999998,31.389999,31.865,25.059044,3149200
2013-10-07,31.584999,31.74,31.459999,31.459999,24.740538,2409400
2013-10-08,31.42,31.559998999999998,31.055,31.075001,24.437778,3697600
2013-10-09,31.135,31.27,30.98,31.139999,24.488892,2890600
2013-10-10,31.52,31.825001,31.48,31.805,25.011848,3202800
2013-10-11,31.815001000000002,32.25,31.73,32.240002000000004,25.353951000000002,3535400
2013-10-14,32.025002,32.325001,31.805,32.244999,25.357874,2263000
2013-10-15,32.105,32.389998999999996,32.049999,32.165001000000004,25.29496,3722600
2013-10-16,32.395,32.865002000000004,32.294998,32.82,25.810059,4906600
2013-10-17,32.740002000000004,33.09,32.66,33.055,25.994873000000002,3197800
2013-10-18,33.075001,33.075001,32.474998,32.889998999999996,25.86511,7092600
2013-10-21,32.73,32.935001,32.529999,32.75,25.755018,4088200
2013-10-22,32.889998999999996,33.255001,32.880001,33.029999,25.975208,3423800
2013-10-23,32.974998,33.005001,32.564999,32.805,25.798267000000003,2514400
2013-10-24,32.924999,33.09,32.654999,33.07,26.006667999999998,2610400
2013-10-25,33.049999,33.165001000000004,32.924999,33.150002,26.06958,3421200
2013-10-28,33.119999,33.395,32.990002000000004,33.235001000000004,26.136423,3268400
2013-10-29,33.34,33.5,33.255001,33.5,26.344826,3821400
2013-10-30,32.34,32.889998999999996,32.005001,32.509997999999996,25.566278,12673400
2013-10-31,32.384997999999996,32.665001000000004,32.325001,32.490002000000004,25.550549,6727600
2013-11-01,32.584998999999996,32.724998,32.450001,32.549999,25.597732999999998,4057600
2013-11-04,32.505001,32.575001,32.244999,32.529999,25.582006,5009800
2013-11-05,32.5,32.529999,32.189999,32.224998,25.34215,4621800
2013-11-06,32.290001000000004,32.52,32.240002000000004,32.41,25.487638,3595400
2013-11-07,32.459998999999996,32.790001000000004,32.110001000000004,32.130001,25.267443,4458000
2013-11-08,32.220001,32.91,32.185001,32.875,25.853317,5462000
2013-11-11,32.785,32.994999,32.75,32.84,25.825794000000002,2792000
2013-11-12,32.700001,32.895,32.494999,32.625,25.656713,3418800
2013-11-13,32.695,33.134997999999996,32.619999,33.134997999999996,26.057785,4172800
2013-11-14,33.139998999999996,33.75,33.099998,33.735001000000004,26.529636,4297600
2013-11-15,33.599998,33.759997999999996,33.209998999999996,33.740002000000004,26.533566999999998,5537600
2013-11-18,33.595001,33.735001000000004,33.384997999999996,33.450001,26.597178999999997,4497200
2013-11-19,33.450001,33.505001,33.110001000000004,33.139998999999996,26.350680999999998,3298000
2013-11-20,33.169998,33.290001000000004,33.014998999999996,33.105,26.322855,2756800
2013-11-21,33.110001000000004,33.395,33.040001000000004,33.27,26.45405,3845400
2013-11-22,33.115002000000004,33.345001,33.095001,33.285,26.465981,2758800
2013-11-25,33.25,33.404999,33.055,33.110001000000004,26.326829999999998,2183000
2013-11-26,33.125,33.389998999999996,33.125,33.220001,26.414295000000003,3224800
2013-11-27,33.334998999999996,33.349998,33.130001,33.220001,26.414295000000003,2340200
2013-11-29,33.279999,33.48,33.174999,33.185001,26.386465,1882000
2013-12-02,33.174999,33.615002000000004,33.055,33.125,26.338757,3772800
2013-12-03,33.009997999999996,33.154999,32.564999,32.77,26.056488,4596000
2013-12-04,32.759997999999996,33.07,32.610001000000004,32.855,26.124071,3349200
2013-12-05,32.724998,33.174999,32.674999,32.849998,26.12009,3877800
2013-12-06,33.209998999999996,33.365002000000004,33.055,33.32,26.493805,2920200
2013-12-09,33.290001000000004,33.404999,33.119999,33.224998,26.418267999999998,3384800
2013-12-10,33.110001000000004,33.195,33.0,33.134997999999996,26.346706,3388000
2013-12-11,33.125,33.125,32.794998,32.860001000000004,26.128044,3827400
2013-12-12,32.91,32.994999,32.77,32.82,26.096237,4572000
2013-12-13,32.959998999999996,33.125,32.805,32.98,26.223461,2632600
2013-12-16,33.09,33.310001,32.985001000000004,33.18,26.382492,2903800
2013-12-17,33.185001,33.220001,32.935001,33.005001,26.243340999999997,2893400
2013-12-18,33.134997999999996,33.34,32.735001000000004,33.294998,26.473928000000004,6369400
2013-12-19,33.119999,33.200001,32.950001,33.0,26.239363,4932200
2013-12-20,32.959998999999996,33.25,32.775002,32.825001,26.100222,8480800
2013-12-23,33.044998,33.299999,32.994999,33.174999,26.378511,4476600
2013-12-24,33.115002000000004,33.27,33.075001,33.240002000000004,26.430198999999998,1768200
2013-12-26,33.205002,33.715,33.16,33.555,26.680666,2626800
2013-12-27,33.575001,33.689999,33.435001,33.625,26.736321999999998,1980600
2013-12-30,33.625,33.810001,33.325001,33.345001,26.513687,3901200
2013-12-31,33.435001,33.505001,33.290001000000004,33.400002,26.557421,2420200
2014-01-02,33.314999,33.345001,32.904999,32.98,26.223461,3829400
2014-01-03,33.040001000000004,33.27,33.025002,33.075001,26.298997999999997,2558200
2014-01-06,33.099998,33.139998999999996,32.16,32.439999,25.794088000000002,8488400
2014-01-07,32.514998999999996,32.764998999999996,32.435001,32.544998,25.877575,3826200
2014-01-08,32.490002000000004,32.584998999999996,32.205002,32.314999,25.694698000000002,3451800
2014-01-09,32.345001,32.424999,32.044998,32.134997999999996,25.551569,4623800
2014-01-10,32.290001000000004,32.630001,32.049999,32.584998999999996,25.90938,3674400
2014-01-13,32.415001000000004,32.505001,32.0,32.049999,25.483984,4819600
2014-01-14,32.195,32.404999,32.110001000000004,32.349998,25.722528,3555600
2014-01-15,32.355,32.555,32.34,32.470001,25.817945,4039800
2014-01-16,32.395,32.575001,32.275002,32.415001000000004,25.774214,3316600
2014-01-17,32.404999,32.735001000000004,32.310001,32.355,25.726501000000003,4288800
2014-01-21,32.459998999999996,32.639998999999996,32.205002,32.415001000000004,25.774214,4355200
2014-01-22,32.43,32.494999,32.125,32.200001,25.603260000000002,2792200
2014-01-23,32.099998,32.150002,31.629998999999998,31.780001000000002,25.269302,4045400
2014-01-24,31.645,31.805,31.145,31.145,24.764397,6343800
2014-01-27,31.09,31.285,30.67,30.895,24.565609,5636600
2014-01-28,30.92,31.27,30.92,31.225,24.828004999999997,3576400
2014-01-29,30.870001000000002,31.424999,30.865,31.059998999999998,24.696804,4996400
2014-01-30,31.275,31.674999,31.225,31.6,25.126181,3148000
2014-01-31,31.120001000000002,31.674999,31.01,31.389999,24.959204,4406800
2014-02-03,31.43,31.459999,30.344998999999998,30.360001,24.140219000000002,6068200
2014-02-04,30.49,30.82,30.405001000000002,30.735001,24.438395,4873400
2014-02-05,30.950001,31.155001000000002,30.225,30.879998999999998,24.55368,5432200
2014-02-06,30.799999,31.0,30.684998999999998,30.865,24.541756,4344200
2014-02-07,30.885,31.395,30.74,31.34,24.919442999999998,4629200
2014-02-10,31.254998999999998,31.5,31.075001,31.215,24.820053,3748000
2014-02-11,31.209999,31.309998999999998,30.895,31.205,24.812105,4700000
2014-02-12,31.165001,31.475,31.15,31.375,25.246626000000003,3235800
2014-02-13,31.09,31.41,31.0,31.395,25.262724,2606800
2014-02-14,31.334999,31.625,31.33,31.565001000000002,25.399515,2959000
2014-02-18,31.545,31.575001,31.42,31.514999,25.359282,2779400
2014-02-19,31.370001000000002,31.825001,31.200001,31.219998999999998,25.121899,3171400
2014-02-20,31.285,31.530001000000002,31.17,31.459999,25.315023,3058000
2014-02-21,31.485001,31.5,31.065001000000002,31.16,25.073618,4744600
2014-02-24,31.129998999999998,31.440001000000002,31.129998999999998,31.15,25.065573,3762400
2014-02-25,31.165001,31.42,31.075001,31.26,25.154087,3655400
2014-02-26,31.389999,31.495001000000002,31.205,31.299999,25.186272,2960800
2014-02-27,31.25,31.700001,31.245001000000002,31.690001000000002,25.500099,3061000
2014-02-28,31.695,32.240002000000004,31.690001000000002,32.040001000000004,25.781736,5069400
2014-03-03,31.684998999999998,32.150002,31.5,32.009997999999996,25.757591,4238400
2014-03-04,32.290001000000004,32.639998999999996,32.220001,32.564999,26.204183999999998,4276400
2014-03-05,32.485001000000004,32.544998,32.294998,32.505001,26.155910000000002,2856800
2014-03-06,32.555,32.810001,32.544998,32.610001000000004,26.240396,2711800
2014-03-07,32.785,33.005001,32.645,32.805,26.397308000000002,2731200
2014-03-10,32.810001,32.939999,32.599998,32.77,26.369146,2188000
2014-03-11,32.830002,32.830002,32.365002000000004,32.474998,26.131763,3019400
2014-03-12,32.305,32.525002,32.25,32.445,26.107628,2013200
2014-03-13,32.540001000000004,32.599998,32.014998999999996,32.09,25.82197,3055600
2014-03-14,32.035,32.294998,31.950001,32.055,25.793806,2366400
2014-03-17,32.220001,32.305,31.83,31.91,25.677124,3528600
2014-03-18,32.009997999999996,32.290001000000004,31.99,32.154999,25.874264,2210400
2014-03-19,32.169998,32.224998,31.5,31.68,25.492051999999997,4302600
2014-03-20,31.615,31.825001,31.469998999999998,31.605,25.4317,5772200
2014-03-21,31.674999,31.77,31.465,31.49,25.339163,11588200
2014-03-24,31.615,31.745001000000002,31.344998999999998,31.344998999999998,25.222486,4403200
2014-03-25,31.530001000000002,31.695,31.424999,31.469998999999998,25.323069,3706600
2014-03-26,31.684998999999998,31.719998999999998,31.34,31.355,25.230532,3984800
2014-03-27,31.33,31.355,31.049999,31.135,25.053504999999998,3126400
2014-03-28,31.23,31.575001,31.174999,31.33,25.210419,2470200
2014-03-31,31.530001000000002,31.610001,31.4,31.52,25.363308,3534400
2014-04-01,31.735001,31.809998999999998,31.504998999999998,31.66,25.475956,3366200
2014-04-02,31.52,31.92,31.465,31.73,25.532286,2624200
2014-04-03,31.895,32.09,31.785,32.009997999999996,25.757591,2618000
2014-04-04,32.18,32.235001000000004,31.610001,31.639999,25.459864000000003,2678200
2014-04-07,31.615,31.639999,30.860001,30.860001,24.832218,3607000
2014-04-08,30.75,31.26,30.594998999999998,31.174999,25.085691,3741400
2014-04-09,31.325001,31.540001,31.040001,31.495001000000002,25.343184,3465200
2014-04-10,31.52,31.690001000000002,30.879998999999998,30.879998999999998,24.84831,4936800
2014-04-11,30.705,31.145,30.395,30.415001,24.47414,6117400
2014-04-14,30.745001000000002,30.9,30.299999,30.594998999999998,24.61898,6798200
2014-04-15,30.645,30.905001000000002,30.434998999999998,30.815001000000002,24.796011,2876400
2014-04-16,31.07,31.315001000000002,31.0,31.305,25.190306,3231400
2014-04-17,31.26,31.615,31.26,31.525,25.367325,3117600
2014-04-21,31.325001,31.48,31.254998999999998,31.344998999999998,25.222486,2294200
2014-04-22,31.325001,31.525,31.155001000000002,31.389999,25.258698000000003,3289200
2014-04-23,31.395,31.450001,31.225,31.35,25.226509,2937000
2014-04-24,31.459999,31.459999,30.92,31.08,25.009251000000003,4145800
2014-04-25,31.004998999999998,31.065001000000002,30.775,30.92,24.880503,3491400
2014-04-28,31.115,31.18,30.57,30.924999,24.884523,4222200
2014-04-29,31.07,31.75,31.059998999999998,31.68,25.492051999999997,7409600
2014-04-30,31.0,31.455,30.93,31.360001,25.234551999999997,5000200
2014-05-01,31.344998999999998,31.745001000000002,31.215,31.584999,25.415606,3340800
2014-05-02,31.59,31.764999,31.35,31.575001,25.407564,3046600
2014-05-05,31.4,31.51,31.225,31.34,25.218464,2844400
2014-05-06,31.139999,31.200001,30.915001,30.924999,24.884523,3404000
2014-05-07,31.055,31.305,30.969998999999998,31.295,25.182253,3167400
2014-05-08,31.264999,31.625,31.25,31.51,25.355257,2834200
2014-05-09,31.485001,31.584999,31.235001,31.49,25.339163,2007800
2014-05-12,31.58,31.695,31.459999,31.67,25.484007000000002,2778800
2014-05-13,31.725,31.955,31.625,31.865,25.640917,3190600
2014-05-14,31.764999,31.795,31.405001000000002,31.450001,25.306974,4023000
2014-05-15,31.26,31.305,30.625,30.945,24.900617999999998,4219800
2014-05-16,30.924999,30.924999,30.49,30.73,24.727613,5357000
2014-05-19,30.459999,31.15,30.455,31.075001,25.309969,3407000
2014-05-20,31.045,31.065001000000002,30.535,30.795,25.081915,3184400
2014-05-21,30.965,31.120001000000002,30.844998999999998,31.084999,25.318111,2232600
2014-05-22,31.025,31.025,30.620001000000002,30.93,25.19187,3466800
2014-05-23,30.6,30.84,30.514999,30.655001000000002,24.967888000000002,3394600
2014-05-27,30.620001000000002,30.940001000000002,30.5,30.67,24.980101,4090800
2014-05-28,30.674999,30.76,30.434998999999998,30.475,24.821279999999998,4377600
2014-05-29,30.525,30.795,30.469998999999998,30.719998999999998,25.020826,3928600
2014-05-30,30.715,30.754998999999998,30.535,30.615,24.935307,3740800
2014-06-02,30.75,30.940001000000002,30.6,30.735001,25.033045,2539000
2014-06-03,30.735001,30.84,30.620001000000002,30.705,25.008604000000002,4195800
2014-06-04,30.719998999999998,31.16,30.719998999999998,30.965,25.220373000000002,3364400
2014-06-05,30.99,31.025,30.805,30.975,25.228517999999998,3587600
2014-06-06,31.01,31.389999,30.959999,31.264999,25.46472,3385600
2014-06-09,31.225,31.745001000000002,31.205,31.535,25.684626,5070200
2014-06-10,31.514999,31.76,31.434998999999998,31.645,25.77422,5125400
2014-06-11,31.455,31.59,31.200001,31.200001,25.411781,3593800
2014-06-12,31.200001,31.295,30.945,31.040001,25.28146,2823400
2014-06-13,31.045,31.24,30.91,30.98,25.23259,2464000
2014-06-16,30.905001000000002,31.174999,30.82,31.07,25.305895,3682400
2014-06-17,30.99,31.58,30.959999,31.48,25.639832000000002,3220200
2014-06-18,31.549999,31.559998999999998,31.325001,31.514999,25.668335,2857800
2014-06-19,31.525,31.530001000000002,31.27,31.41,25.582815,2674400
2014-06-20,31.51,31.68,31.370001000000002,31.549999,25.696844,3514400
2014-06-23,31.594998999999998,31.610001,31.34,31.475,25.635761,2945800
2014-06-24,31.405001000000002,31.535,31.225,31.235001,25.440282999999997,2245800
2014-06-25,31.059998999999998,31.309998999999998,31.035,31.299999,25.493221,2312800
2014-06-26,31.27,31.35,30.99,31.315001000000002,25.50544,2109600
2014-06-27,31.245001000000002,31.424999,31.125,31.360001,25.542089,4351800
2014-06-30,31.264999,31.41,31.075001,31.125,25.350693,3253800
2014-07-01,31.129998999999998,31.475,31.129998999999998,31.33,25.517657999999997,2388600
2014-07-02,31.405001000000002,31.57,31.17,31.264999,25.46472,2823400
2014-07-03,31.424999,31.775,31.375,31.645,25.77422,2376600
2014-07-07,31.58,31.719998999999998,31.379998999999998,31.709999,25.827162,3982400
2014-07-08,31.700001,31.700001,31.344998999999998,31.41,25.582815,4026000
2014-07-09,31.465,31.575001,31.375,31.459999,25.623539,2300200
2014-07-10,31.065001000000002,31.325001,31.065001000000002,31.209999,25.41992,2694200
2014-07-11,31.120001000000002,31.370001000000002,31.035,31.33,25.517657999999997,2218800
2014-07-14,31.51,31.629998999999998,31.32,31.4,25.574675,2464000
2014-07-15,31.360001,31.59,31.264999,31.42,25.590963000000002,2840800
2014-07-16,31.57,31.615,31.309998999999998,31.555,25.70092,2661200
2014-07-17,31.575001,32.099998,31.395,31.59,25.729423999999998,3980400
2014-07-18,31.684998999999998,31.895,31.525,31.855,25.945261,3660200
2014-07-21,31.73,31.965,31.674999,31.795,25.896387,2381400
2014-07-22,31.844998999999998,31.955,31.745001000000002,31.809998999999998,25.908606,2021800
2014-07-23,31.825001,31.9,31.615,31.795,25.896387,1715400
2014-07-24,31.870001000000002,32.009997999999996,31.764999,31.965,26.034851,1973800
2014-07-25,31.950001,32.055,31.68,31.795,25.896387,2408200
2014-07-28,31.76,31.844998999999998,31.465,31.825001,25.920826,2032600
2014-07-29,31.799999,31.844998999999998,31.344998999999998,31.57,25.713131,4625800
2014-07-30,30.690001000000002,30.9,30.264999,30.690001000000002,24.996395,8405200
2014-07-31,30.465,30.6,29.82,29.870001000000002,24.32852,6535600
2014-08-01,29.635,29.825001,29.25,29.559998999999998,24.076027,6266000
2014-08-04,29.559998999999998,29.584999,29.26,29.514999,24.039379,4482600
2014-08-05,29.469998999999998,29.645,29.254998999999998,29.334999,23.892771,3651400
2014-08-06,29.305,29.615,29.305,29.51,24.035301,3090600
2014-08-07,29.615,29.780001000000002,29.280001000000002,29.34,23.896841000000002,3550200
2014-08-08,29.4,29.610001,29.26,29.594998999999998,24.104534,2859400
2014-08-11,29.610001,29.74,29.434998999999998,29.6,24.108612,2960400
2014-08-12,29.530001000000002,29.735001,29.530001000000002,29.665001,24.161552,2962600
2014-08-13,29.75,29.865,29.625,29.82,24.287792,3699200
2014-08-14,29.825001,30.09,29.799999,30.055,24.479204,2524600
2014-08-15,30.17,30.209999,29.715,30.049999,24.475120999999998,4414200
2014-08-18,30.004998999999998,30.475,29.99,30.459999,25.11834,7038800
2014-08-19,30.424999,30.475,30.305,30.434998999999998,25.097721,4436400
2014-08-20,30.35,30.555,30.295,30.465,25.122460999999998,6871200
2014-08-21,30.49,30.725,30.325001,30.504998999999998,25.155445,7857400
2014-08-22,30.535,30.59,30.254998999999998,30.275,24.965782,3293800
2014-08-25,30.459999,30.58,30.305,30.42,25.085352,2366400
2014-08-26,30.445,30.65,30.445,30.52,25.167816000000002,2014800
2014-08-27,30.65,30.82,30.545,30.695,25.312128,2386800
2014-08-28,30.555,30.75,30.41,30.620001000000002,25.25028,2143600
2014-08-29,30.635,30.74,30.545,30.620001000000002,25.25028,2795600
2014-09-02,30.809998999999998,30.879998999999998,30.535,30.629998999999998,25.258526,4114800
2014-09-03,30.809998999999998,30.82,30.51,30.540001,25.184310999999997,3619000
2014-09-04,30.65,30.825001,30.535,30.620001000000002,25.25028,2414200
2014-09-05,30.504998999999998,30.74,30.5,30.73,25.340992,2138800
2014-09-08,30.709999,30.754998999999998,30.434998999999998,30.525,25.17194,2410800
2014-09-09,30.530001000000002,30.540001,30.195,30.26,24.953413,4784800
2014-09-10,30.280001000000002,30.424999,29.785,29.92,24.673035000000002,5390800
2014-09-11,29.785,29.945,29.75,29.895,24.652422,4353800
2014-09-12,29.924999,30.065001000000002,29.695,29.895,24.652422,4149400
2014-09-15,29.895,30.014999,29.674999,29.92,24.673035000000002,2584800
2014-09-16,29.73,29.83,29.389999,29.469998999999998,24.301952,9157400
2014-09-17,29.514999,29.514999,29.139999,29.165001,24.050442,7795200
2014-09-18,29.26,29.43,29.26,29.344998999999998,24.198872,5503200
2014-09-19,29.405001000000002,29.5,29.055,29.200001,24.079298,8877000
2014-09-22,29.205,29.305,29.125,29.27,24.137026000000002,5155600
2014-09-23,29.235001,29.275,28.93,28.93,23.856648999999997,4475000
2014-09-24,28.965,29.35,28.965,29.309998999999998,24.17001,3885200
2014-09-25,29.16,29.26,28.93,29.040001,23.947357,5403000
2014-09-26,29.055,29.344998999999998,28.995001000000002,29.25,24.120533,3699000
2014-09-29,28.955,29.299999,28.85,29.235001,24.108164000000002,2997000
2014-09-30,29.200001,29.280001000000002,29.035,29.125,24.017457999999998,6268800
2014-10-01,29.004998999999998,29.025,28.700001,28.780001000000002,23.732956,8340200
2014-10-02,28.780001000000002,28.915001,28.57,28.834999,23.778311,5111400
2014-10-03,28.98,29.110001,28.809998999999998,28.92,23.8484,4123800
2014-10-06,29.065001000000002,29.205,28.780001000000002,28.9,23.831903,3012600
2014-10-07,28.795,28.969998999999998,28.530001000000002,28.540001,23.535042,4478600
2014-10-08,28.584999,28.91,28.295,28.9,23.831903,5114800
2014-10-09,28.844998999999998,28.885,28.424999,28.465,23.4732,5312600
2014-10-10,28.455,28.709999,28.25,28.26,23.304146,3563400
2014-10-13,28.23,28.385,27.969998999999998,28.0,23.089737,4380200
2014-10-14,28.025,28.575001,28.004998999999998,28.42,23.436087,5137600
2014-10-15,28.004998999999998,28.27,27.514999,27.9,23.007278,8604400
2014-10-16,27.51,28.084999,27.495001000000002,27.93,23.032014999999998,8333200
2014-10-17,28.27,28.52,28.07,28.504998999999998,23.506182,10467800
2014-10-20,28.445,28.620001000000002,28.275,28.610001,23.59277,3597800
2014-10-21,28.855,29.125,28.745001000000002,29.084999,23.984468,3643000
2014-10-22,29.07,29.205,28.834999,28.84,23.782431,3258000
2014-10-23,29.15,29.190001000000002,28.969998999999998,29.040001,23.947357,4067200
2014-10-24,29.01,29.315001000000002,28.934998999999998,29.27,24.137026000000002,2132800
2014-10-27,29.17,29.450001,29.094998999999998,29.375,24.223606,3285800
2014-10-28,29.459999,29.780001000000002,29.379998999999998,29.77,24.549345000000002,3397200
2014-10-29,30.120001000000002,30.51,29.690001000000002,29.950001,24.697773,7851200
2014-10-30,29.799999,30.129998999999998,29.690001000000002,30.02,24.755499,4986400
2014-10-31,30.25,30.360001,29.665001,29.865,24.627679999999998,8836200
2014-11-03,29.93,29.98,29.575001,29.665001,24.462754999999998,6620200
2014-11-04,29.625,29.91,29.555,29.74,24.524603,5109200
2014-11-05,29.855,29.905001000000002,29.584999,29.895,24.652422,4714800
2014-11-06,29.895,29.895,29.594998999999998,29.764999,24.545218,4051800
2014-11-07,29.42,29.525,29.290001,29.445,24.281338,6225800
2014-11-10,29.4,29.565001000000002,29.34,29.530001000000002,24.351433,3764000
2014-11-11,29.59,29.709999,29.450001,29.52,24.343184,3979800
2014-11-12,29.35,29.620001000000002,29.27,29.605,24.413276999999997,3401000
2014-11-13,29.610001,29.705,29.459999,29.57,24.384413000000002,3220400
2014-11-14,29.540001,29.700001,29.485001,29.655001000000002,24.454512,4219200
2014-11-17,29.385,29.575001,29.215,29.565001000000002,24.705196,4446600
2014-11-18,29.57,29.639999,29.475,29.549999,24.692659,3704000
2014-11-19,29.549999,29.58,29.43,29.530001000000002,24.675947,2978400
2014-11-20,29.334999,29.565001000000002,29.275,29.5,24.650881,3420800
2014-11-21,29.84,29.985001,29.785,29.879998999999998,24.968414000000003,4678800
2014-11-24,30.0,30.125,29.895,30.105,25.156433,3728400
2014-11-25,30.1,30.15,30.0,30.0,25.068691,5182400
2014-11-26,30.0,30.059998999999998,29.76,29.84,24.934992,2861600
2014-11-28,29.915001,30.040001,29.834999,29.865,24.955885000000002,2090200
2014-12-01,29.790001,29.805,29.549999,29.635,24.763689000000003,3538200
2014-12-02,29.655001000000002,29.84,29.629998999999998,29.809998999999998,24.909924,3216400
2014-12-03,29.790001,30.014999,29.684998999999998,29.85,24.943344,2862000
2014-12-04,29.860001,29.860001,29.5,29.715,24.83054,2991600
2014-12-05,29.764999,29.875,29.629998999999998,29.754998999999998,24.863964000000003,3846600
2014-12-08,29.75,30.094998999999998,29.635,29.99,25.060335000000002,4404600
2014-12-09,29.645,29.99,29.549999,29.895,24.980951,4583200
2014-12-10,29.754998999999998,30.110001,29.700001,29.719998999999998,24.834715,6206800
2014-12-11,29.764999,29.975,29.725,29.785,24.889032,4107000
2014-12-12,29.545,29.719998999999998,29.125,29.139999,24.350051999999998,5623000
2014-12-15,29.195,29.26,28.684998999999998,28.764999,24.036697,5791400
2014-12-16,28.605,29.41,28.525,28.905001000000002,24.153685,6649000
2014-12-17,29.02,29.58,28.985001,29.535,24.680126,5956800
2014-12-18,29.875,30.16,29.75,30.16,25.202394,4800600
2014-12-19,30.139999,30.67,30.135,30.59,25.56171,6885000
2014-12-22,30.665001,30.834999,30.575001,30.83,25.76226,4902000
2014-12-23,30.860001,31.08,30.77,30.969998999999998,25.879246,3260800
2014-12-24,31.0,31.15,30.834999,30.969998999999998,25.879246,1619600
2014-12-26,31.0,31.105,30.945,30.969998999999998,25.879246,1865400
2014-12-29,30.955,31.23,30.855,31.0,25.904312,2347200
2014-12-30,30.875,31.15,30.809998999999998,30.99,25.895954,1937000
2014-12-31,31.030001000000002,31.084999,30.525,30.545,25.524103,3273600
2015-01-02,30.75,30.805,30.33,30.540001,25.519928,2846000
2015-01-05,30.219998999999998,30.275,29.620001000000002,29.74,24.851426999999997,4757000
2015-01-06,29.705,29.775,29.395,29.475,24.629988,5819000
2015-01-07,29.725,29.98,29.545,29.66,24.784576,3653400
2015-01-08,29.870001000000002,30.16,29.73,29.950001,25.026911,4587600
2015-01-09,30.030001000000002,30.084999,29.275,29.315001000000002,24.496288,5993600
2015-01-12,29.305,29.375,28.969998999999998,29.145,24.354232999999997,3573200
2015-01-13,29.344998999999998,29.530001000000002,28.799999,29.0,24.233068,3341000
2015-01-14,28.6,28.985001,28.485001,28.775,24.045052,4185600
2015-01-15,28.674999,29.135,28.65,28.68,23.965672,4579600
2015-01-16,28.645,29.1,28.584999,29.09,24.308279000000002,3691000
2015-01-20,29.190001000000002,29.25,28.745001000000002,29.004998999999998,24.237246,4013600
2015-01-21,28.895,29.110001,28.73,29.049999,24.274847,5738200
2015-01-22,29.18,29.620001000000002,29.01,29.575001,24.713552,3699000
2015-01-23,29.6,29.610001,29.35,29.365,24.538071,2949000
2015-01-26,29.299999,29.594998999999998,29.174999,29.51,24.659235,2816600
2015-01-27,29.26,29.450001,29.065001000000002,29.254998999999998,24.44615,3671800
2015-01-28,29.405001000000002,29.485001,28.67,28.68,23.965672,4777400
2015-01-29,28.709999,28.91,28.475,28.825001,24.086835999999998,3100600
2015-01-30,28.549999,29.035,28.455,28.540001,23.848684,4742600
2015-02-02,28.450001,29.135,28.205,29.084999,24.304095999999998,4298600
2015-02-03,29.275,29.58,29.18,29.545,24.688484,4809000
2015-02-04,30.01,30.639999,30.01,30.34,25.352802,6888200
2015-02-05,30.16,30.514999,30.120001000000002,30.49,25.478146,5476600
2015-02-06,30.58,30.745001000000002,30.43,30.639999,25.603487,4695400
2015-02-09,30.469998999999998,30.745001000000002,30.379998999999998,30.57,25.544998,3621400
2015-02-10,30.584999,30.790001,30.445,30.725,25.674519,3354800
2015-02-11,30.73,31.0,30.65,30.915001,25.833289999999998,4568800
2015-02-12,30.74,31.030001000000002,30.684998999999998,30.9,26.150654,5090800
2015-02-13,30.879998999999998,31.115,30.754998999999998,31.065001000000002,26.290290999999996,5256600
2015-02-17,30.959999,31.33,30.844998999999998,31.174999,26.383381,3760200
2015-02-18,31.040001,31.135,30.825001,30.875,26.12949,2580800
2015-02-19,30.815001000000002,31.0,30.719998999999998,30.889999,26.142183,2117000
2015-02-20,30.67,31.07,30.51,31.065001000000002,26.290290999999996,3165800
2015-02-23,30.940001000000002,30.940001000000002,30.615,30.715,25.994085000000002,3661200
2015-02-24,30.695,31.075001,30.665001,31.030001000000002,26.260671999999996,4539200
2015-02-25,31.030001000000002,31.094998999999998,30.865,30.975,26.214123,3876800
2015-02-26,30.969998999999998,31.115,30.889999,31.09,26.311449,3822400
2015-02-27,31.08,31.370001000000002,30.975,31.125,26.341064000000003,4709600
2015-03-02,31.094998999999998,31.334999,31.01,31.285,26.47648,2939600
2015-03-03,31.165001,31.344998999999998,31.075001,31.139999,26.353759999999998,3065800
2015-03-04,30.93,31.25,30.860001,31.174999,26.383381,3680400
2015-03-05,31.275,31.465,31.125,31.4,26.573798999999998,4086800
2015-03-06,31.4,31.674999,31.035,31.08,26.302984000000002,6459400
2015-03-09,31.18,31.24,31.105,31.15,26.362226,4328400
2015-03-10,30.91,31.084999,30.525,30.525,25.833288,5877800
2015-03-11,30.635,30.82,30.58,30.745001000000002,26.019472,3829200
2015-03-12,30.950001,31.34,30.93,31.325001,26.510328,3243800
2015-03-13,31.219998999999998,31.309998999999998,30.809998999999998,31.065001000000002,26.290290999999996,3375800
2015-03-16,31.209999,31.615,31.195,31.48,26.641503999999998,3746800
2015-03-17,31.26,31.504998999999998,31.23,31.440001000000002,26.607653000000003,3360600
2015-03-18,31.355,31.955,31.209999,31.809998999999998,26.920782,5782400
2015-03-19,31.709999,31.745001000000002,31.264999,31.545,26.696514,3448600
2015-03-20,31.66,32.040001000000004,31.545,31.945,27.035034000000003,8826000
2015-03-23,31.975,32.310001,31.93,31.93,27.022337,5070600
2015-03-24,31.905001000000002,32.060001,31.775,31.799999,26.912316999999998,3283000
2015-03-25,31.764999,31.875,31.59,31.674999,26.806532,4554200
2015-03-26,31.629998999999998,31.860001,31.469998999999998,31.75,26.870003000000004,4570400
2015-03-27,31.75,31.809998999999998,31.514999,31.775,26.891161,3461200
2015-03-30,31.855,32.18,31.815001000000002,32.099998,27.166208,3481000
2015-03-31,31.9,32.105,31.775,32.005001,27.08581,3639400
2015-04-01,31.934998999999998,31.969998999999998,31.655001000000002,31.785,26.899628000000003,3383800
2015-04-02,31.75,31.950001,31.66,31.790001,26.903856,3559200
2015-04-06,31.549999,32.209998999999996,31.549999,31.985001,27.068884000000004,3425400
2015-04-07,32.084998999999996,32.16,31.879998999999998,31.895,26.992720000000002,2487200
2015-04-08,31.965,32.185001,31.82,32.119999,27.183132,2665000
2015-04-09,32.110001000000004,32.369999,31.995001000000002,32.264998999999996,27.305845,2877400
2015-04-10,32.264998999999996,32.314999,32.139998999999996,32.259997999999996,27.301616999999997,2352400
2015-04-13,32.165001000000004,32.455002,32.115002000000004,32.185001,27.238148,3418200
2015-04-14,32.205002,32.43,32.130001,32.279999,27.318539,2429200
2015-04-15,32.314999,32.549999,32.275002,32.360001000000004,27.386246000000003,2577400
2015-04-16,32.34,32.404999,32.174999,32.240002000000004,27.284693,2895000
2015-04-17,32.084998999999996,32.130001,31.799999,31.99,27.073118,3268200
2015-04-20,32.165001000000004,32.345001,32.125,32.224998,27.271996,1861400
2015-04-21,32.310001,32.404999,31.715,31.93,27.022337,2810600
2015-04-22,32.025002,32.080002,31.73,32.035,27.111196999999997,2490800
2015-04-23,31.92,32.209998999999996,31.865,32.084998999999996,27.153510999999998,2522400
2015-04-24,32.139998999999996,32.205002,31.965,32.095001,27.161976,2863200
2015-04-27,32.16,32.259997999999996,31.969998999999998,32.009997999999996,27.090038,2913800
2015-04-28,31.945,32.27,31.82,32.209998999999996,27.259302,3053400
2015-04-29,31.545,32.105,31.07,31.93,27.022337,7756400
2015-04-30,31.82,32.044998,31.495001000000002,31.52,26.675354,6568000
2015-05-01,31.709999,31.834999,31.4,31.555,26.704977000000003,4755200
2015-05-04,31.684998999999998,31.9,31.65,31.76,26.878467999999998,3352600
2015-05-05,31.684998999999998,32.105,31.59,31.865,26.967329,4366600
2015-05-06,32.049999,32.150002,31.575001,31.77,26.886932,3673400
2015-05-07,31.82,32.110001000000004,31.684998999999998,31.875,26.975788,4728800
2015-05-08,31.995001000000002,32.154999,31.84,32.110001000000004,27.174675,3265200
2015-05-11,32.040001000000004,32.209998999999996,31.934998999999998,31.945,27.035034000000003,3958600
2015-05-12,31.865,31.915001,31.66,31.684998999999998,26.814991,4060000
2015-05-13,31.655001000000002,31.92,31.620001000000002,31.799999,26.912316999999998,3295600
2015-05-14,31.945,32.040001000000004,31.809998999999998,31.885,26.984257,3177000
2015-05-15,31.855,31.959999,31.6,31.834999,26.941940000000002,3851000
2015-05-18,31.65,32.035,31.639999,31.965,27.387472,3269800
2015-05-19,32.049999,32.259997999999996,31.9,32.125,27.524555,4346400
2015-05-20,32.09,32.529999,31.959999,32.355,27.721626,4806600
2015-05-21,32.224998,32.264998999999996,31.415001,31.445,26.941940000000002,9735800
2015-05-22,31.370001000000002,31.74,31.27,31.355,26.864829999999998,5792600
2015-05-26,31.245001000000002,31.285,30.815001000000002,30.870001000000002,26.449279999999998,7815200
2015-05-27,31.02,31.415001,30.955,31.23,26.757723,4854000
2015-05-28,31.129998999999998,31.309998999999998,30.98,31.280001000000002,26.80057,3325400
2015-05-29,31.32,31.34,31.025,31.110001,26.654909000000004,4488000
2015-06-01,31.25,31.315001000000002,30.99,31.049999,26.603506,4686200
2015-06-02,31.045,31.33,30.99,31.129998999999998,26.672046999999996,4358000
2015-06-03,31.155001000000002,31.395,31.105,31.254998999999998,26.779148,3308000
2015-06-04,31.209999,31.334999,31.025,31.055,26.607788,3516200
2015-06-05,31.110001,31.174999,30.85,30.905001000000002,26.479273,3629200
2015-06-08,30.860001,31.02,30.790001,30.809998999999998,26.397872999999997,3777200
2015-06-09,30.795,30.945,30.66,30.834999,26.419292,2987200
2015-06-10,30.969998999999998,31.424999,30.965,31.26,26.783434000000003,2886800
2015-06-11,31.315001000000002,31.57,31.254998999999998,31.495001000000002,26.984776,3450600
2015-06-12,31.129998999999998,31.450001,31.1,31.285,26.804853,3373000
2015-06-15,31.014999,31.18,30.934998999999998,31.025,26.582085,3154400
2015-06-16,30.969998999999998,31.325001,30.924999,31.225,26.753445000000003,3819600
2015-06-17,31.325001,31.5,31.184998999999998,31.235001,26.762009000000003,3426200
2015-06-18,31.299999,31.635,31.299999,31.545,27.027618,3563000
2015-06-19,31.450001,31.514999,31.26,31.280001000000002,26.80057,4669200
2015-06-22,31.48,31.549999,31.325001,31.415001,26.916234999999997,2250400
2015-06-23,31.495001000000002,31.504998999999998,31.32,31.424999,26.924801000000002,3182000
2015-06-24,31.360001,31.469998999999998,31.219998999999998,31.24,26.766296,2596000
2015-06-25,31.545,31.905001000000002,31.495001000000002,31.67,27.134718,8166600
2015-06-26,31.674999,31.915001,31.525,31.844998999999998,27.284658,5021600
2015-06-29,31.495001000000002,31.610001,30.700001,30.719998999999998,26.320765,6903600
2015-06-30,30.955,31.254998999999998,30.834999,31.1,26.646342999999998,4824600
2015-07-01,31.525,31.530001000000002,31.07,31.215,26.744875,3988200
2015-07-02,31.184998999999998,31.25,30.815001000000002,30.98,26.54353,2876800
2015-07-06,30.615,31.014999,30.540001,30.790001,26.380740999999997,3528800
2015-07-07,30.780001000000002,30.9,30.344998999999998,30.885,26.462137,4008200
2015-07-08,30.66,30.725,30.115,30.23,25.900932,3905000
2015-07-09,30.605,30.695,30.285,30.33,25.986612,4694600
2015-07-10,30.674999,30.895,30.665001,30.855,26.436432,5252200
2015-07-13,30.379998999999998,30.834999,30.290001,30.709999,26.312193,11232600
2015-07-14,30.684998999999998,30.870001000000002,30.59,30.705,26.307913,6114400
2015-07-15,30.805,30.895,30.674999,30.895,26.470699,5354400
2015-07-16,31.07,31.215,30.915001,31.110001,26.654909000000004,3171600
2015-07-17,31.094998999999998,31.094998999999998,30.594998999999998,30.795,26.385025,3232800
2015-07-20,30.834999,30.93,30.530001000000002,30.780001000000002,26.372168,4495200
2015-07-21,30.834999,31.059998999999998,30.75,30.9,26.474984999999997,3660400
2015-07-22,30.905001000000002,31.065001000000002,30.809998999999998,30.940001000000002,26.509256,3202200
2015-07-23,30.945,31.07,30.815001000000002,30.93,26.500689,3101600
2015-07-24,30.93,31.219998999999998,30.885,30.959999,26.526391999999998,4087800
2015-07-27,30.74,30.875,30.57,30.764999,26.359314,2680400
2015-07-28,30.905001000000002,31.235001,30.700001,31.165001,26.702042,4530800
2015-07-29,31.094998999999998,32.314999,31.065001000000002,32.27,27.648798,8340000
2015-07-30,32.16,32.330002,31.945,32.02,27.434596999999997,5319400
2015-07-31,32.060001,32.150002,31.959999,32.025002,27.438881,4822800
2015-08-03,31.969998999999998,32.014998999999996,31.695,32.014998999999996,27.430313,3309800
2015-08-04,32.02,32.25,31.92,31.965,27.387472,3151600
2015-08-05,32.18,32.389998999999996,32.035,32.049999,27.4603,3089800
2015-08-06,32.049999,32.130001,31.790001,31.84,27.280372999999997,4252800
2015-08-07,31.82,32.035,31.725,32.02,27.434596999999997,3865000
2015-08-10,32.200001,32.494999,32.189999,32.459998999999996,27.811588,3337600
2015-08-11,32.060001,32.259997999999996,31.92,32.119999,27.520275,2972600
2015-08-12,31.940001000000002,32.134997999999996,31.555,32.055,27.464585999999997,4390600
2015-08-13,32.064999,32.305,31.98,32.084998999999996,27.490288,2369400
2015-08-14,32.099998,32.389998999999996,32.07,32.380001,27.743042,3486200
2015-08-17,31.985001,32.290001000000004,31.75,32.264998999999996,27.981531,3735800
2015-08-18,32.174999,32.32,32.150002,32.290001000000004,28.003216,2491600
2015-08-19,31.85,31.98,31.375,31.525,27.339777,8658800
2015-08-20,31.245001000000002,31.33,30.610001,30.625,26.559259,7038600
2015-08-21,30.34,30.52,29.584999,29.6,25.670338,6402200
2015-08-24,27.834999,28.975,25.705,28.145,24.408501,10206800
2015-08-25,28.99,28.99,27.584999,27.615,23.948864,6207000
2015-08-26,28.285,28.52,27.815001000000002,28.459999,24.681681,6282800
2015-08-27,28.905001000000002,29.385,28.674999,29.315001000000002,25.423172,5196800
2015-08-28,29.15,29.360001,29.01,29.334999,25.440517,4100000
2015-08-31,29.059998999999998,29.405001000000002,28.959999,29.299999,25.410164,4900200
2015-09-01,28.605,28.805,28.215,28.325001,24.564606,5848000
2015-09-02,28.690001000000002,28.754998999999998,28.299999,28.725,24.911503,4069800
2015-09-03,28.825001,29.045,28.65,28.775,24.954864999999998,4666400
2015-09-04,28.344998999999998,28.475,28.094998999999998,28.195,24.451864,4639200
2015-09-08,28.67,28.795,28.559998999999998,28.785,24.963535,6352200
2015-09-09,29.245001000000002,29.34,28.450001,28.495001000000002,24.712038,4330200
2015-09-10,28.83,28.98,28.530001000000002,28.85,25.019909,4928800
2015-09-11,28.73,29.084999,28.68,29.07,25.210703,4185800
2015-09-14,29.055,29.110001,28.82,28.9,25.063264999999998,2911000
2015-09-15,29.07,29.379998999999998,28.950001,29.285,25.397157999999997,2827200
2015-09-16,29.280001000000002,29.485001,29.18,29.42,25.514232999999997,2809800
2015-09-17,29.450001,29.540001,28.969998999999998,29.055,25.197695,4411400
2015-09-18,28.565001000000002,28.855,28.459999,28.575001,24.781418,7163800
2015-09-21,28.725,29.025,28.65,28.85,25.019909,3121600
2015-09-22,28.440001000000002,28.635,28.305,28.52,24.733717000000002,4001000
2015-09-23,28.549999,28.75,28.405001000000002,28.709999,24.898493,3926800
2015-09-24,28.415001,28.815001000000002,28.415001,28.745001000000002,24.92885,4440200
2015-09-25,28.985001,29.190001000000002,28.790001,28.915001,25.076275,3756000
2015-09-28,28.684998999999998,28.775,28.41,28.504998999999998,24.720709,3581400
2015-09-29,28.555,28.905001000000002,28.440001000000002,28.860001,25.028578,3166600
2015-09-30,29.15,29.35,28.905001000000002,29.065001000000002,25.206364,3936800
2015-10-01,29.07,29.235001,28.76,28.98,25.132647,3923800
2015-10-02,28.450001,29.24,28.389999,29.235001,25.353796,4627000
2015-10-05,29.4,29.805,29.295,29.66,25.72237,3383800
2015-10-06,29.610001,29.82,29.530001000000002,29.715,25.770073,3700800
2015-10-07,29.92,30.195,29.41,30.145,26.142985999999997,3617400
2015-10-08,30.084999,30.504998999999998,29.969998999999998,30.405001000000002,26.368467,3536400
2015-10-09,30.43,30.655001000000002,30.215,30.379998999999998,26.346788,3208600
2015-10-12,30.385,30.52,30.299999,30.415001,26.377142,2440600
2015-10-13,30.264999,30.584999,30.219998999999998,30.254998999999998,26.238382,2564200
2015-10-14,30.200001,30.200001,29.805,29.870001000000002,25.904495,3331000
2015-10-15,30.145,30.485001,29.895,30.450001,26.407491999999998,3499000
2015-10-16,30.58,30.775,30.514999,30.67,26.598282,3695600
2015-10-19,30.584999,30.709999,30.389999,30.514999,26.463863,3845200
2015-10-20,30.535,30.709999,30.16,30.639999,26.572271,7328400
2015-10-21,30.764999,30.870001000000002,30.629998999999998,30.67,26.598282,4504000
2015-10-22,30.85,31.275,30.83,31.110001,26.979868,5187600
2015-10-23,31.254998999999998,31.735001,31.200001,31.725,27.513229,6452000
2015-10-26,31.684998999999998,31.85,31.610001,31.754998999999998,27.539238,7601600
2015-10-27,31.57,31.860001,31.434998999999998,31.575001,27.383136999999998,6963800
2015-10-28,31.51,32.595001,31.139999,31.99,27.743042,9909400
2015-10-29,32.014998999999996,32.299999,31.735001,32.209998999999996,27.933836,5630400
2015-10-30,32.200001,32.25,31.875,31.875,27.643311999999998,6522000
2015-11-02,31.965,32.299999,31.959999,32.255001,27.972864,3732000
2015-11-03,32.09,32.220001,31.940001000000002,32.02,27.769061999999998,5594800
2015-11-04,32.02,32.185001,31.934998999999998,32.084998999999996,27.825429999999997,4286200
2015-11-05,32.095001,32.255001,31.99,32.084998999999996,27.825429999999997,3457000
2015-11-06,32.16,32.494999,32.0,32.16,27.890471,6160800
2015-11-09,32.150002,32.18,31.65,31.780001000000002,27.560926000000002,5063800
2015-11-10,31.725,32.285,31.725,32.154999,27.886134999999996,4785400
2015-11-11,32.209998999999996,32.299999,32.060001,32.185001,27.912160999999998,4079200
2015-11-12,31.879998999999998,32.169998,31.645,31.66,27.456856,5076000
2015-11-13,31.635,31.790001,31.440001000000002,31.610001,27.413494,4069400
2015-11-16,31.34,31.84,31.135,31.834999,27.971426,4549600
2015-11-17,31.9,32.105,31.655001000000002,31.75,27.896742,4245000
2015-11-18,31.875,32.5,31.735001,32.459998999999996,28.520575,5970400
2015-11-19,32.494999,32.709998999999996,32.380001,32.685001,28.718269,4833200
2015-11-20,32.759997999999996,33.115002000000004,32.654999,32.830002,28.845671000000003,5952000
2015-11-23,32.849998,32.945,32.665001000000004,32.700001,28.731448999999998,3494400
2015-11-24,32.455002,32.805,32.439999,32.695,28.727055,3188200
2015-11-25,32.695,32.77,32.529999,32.549999,28.599651,2217200
2015-11-27,32.650002,32.799999,32.560001,32.650002,28.687521000000004,1874000
2015-11-30,32.650002,32.779999,32.455002,32.619999,28.661156,5499000
2015-12-01,32.740002000000004,33.044998,32.695,32.994999,28.990644,4384600
2015-12-02,32.970001,33.264998999999996,32.755001,32.794998,28.814919,4197200
2015-12-03,32.855,32.855,31.309998999999998,31.549999,27.721014,10437400
2015-12-04,31.57,31.82,31.4,31.76,27.905527000000003,6953400
2015-12-07,31.695,31.834999,31.219998999999998,31.4,27.589214000000002,5451000
2015-12-08,31.105,31.15,30.83,31.059998999999998,27.290483000000002,5177200
2015-12-09,30.955,31.305,30.49,30.629998999999998,26.912668,3918400
2015-12-10,30.59,30.795,30.485001,30.545,26.837984000000002,3173600
2015-12-11,30.059998999999998,30.4,29.695,29.855,26.231721999999998,3912600
2015-12-14,30.01,30.09,29.495001000000002,29.77,26.157042,4758600
2015-12-15,30.09,30.639999,30.09,30.459999,26.763298,5209400
2015-12-16,30.610001,30.98,30.49,30.85,27.105970000000003,4028000
2015-12-17,30.855,30.860001,30.190001000000002,30.190001000000002,26.52607,3957400
2015-12-18,29.985001,30.0,29.145,29.145,25.607889,6929800
2015-12-21,29.195,29.450001,29.045,29.24,25.691366,3729200
2015-12-22,29.290001,29.745001000000002,29.245001000000002,29.639999,26.042820000000003,3435600
2015-12-23,29.9,30.209999,29.83,30.16,26.499708000000002,2371000
2015-12-24,30.105,30.27,30.0,30.09,26.438202,1767400
2015-12-28,29.985001,30.209999,29.905001000000002,30.195,26.530458000000003,2805200
2015-12-29,30.385,30.58,30.254998999999998,30.469998999999998,26.772087,2389000
2015-12-30,30.424999,30.530001000000002,30.209999,30.26,26.587574,1866400
2015-12-31,30.075001,30.275,29.924999,29.950001,26.315196999999998,2021200
2016-01-04,29.395,29.59,29.1,29.59,25.998886,4948400
2016-01-05,29.584999,29.815001000000002,29.370001000000002,29.549999,25.963737,4100000
2016-01-06,29.165001,29.305,28.975,29.1,25.568356,3727400
2016-01-07,28.559998999999998,29.0,28.465,28.605,25.133426999999998,4706000
2016-01-08,28.834999,28.895,28.305,28.355,24.913764999999998,4460600
2016-01-11,28.51,28.645,28.135,28.540001,25.076317,4023600
2016-01-12,28.815001000000002,28.969998999999998,28.51,28.9,25.392622,4745000
2016-01-13,29.16,29.42,28.334999,28.455,25.001627,5607400
2016-01-14,28.51,28.945,28.254998999999998,28.66,25.181751000000002,5418800
2016-01-15,28.01,28.514999,27.940001000000002,28.305,24.869837,6879800
2016-01-19,28.540001,28.635,28.055,28.245001000000002,24.817120000000003,5529800
2016-01-20,27.725,28.09,27.285,27.775,24.404158,5915800
2016-01-21,27.870001000000002,28.23,27.674999,27.91,24.522778,4844800
2016-01-22,28.360001,28.66,28.275,28.635,25.159784,4387200
2016-01-25,28.620001000000002,28.815001000000002,28.219998999999998,28.275,24.843477,6298600
2016-01-26,28.514999,28.905001000000002,28.469998999999998,28.76,25.269619,3178800
2016-01-27,28.705,29.135,28.455,28.725,25.238863000000002,5026800
2016-01-28,28.945,29.245001000000002,28.705,29.155001000000002,25.616678,4236800
2016-01-29,28.99,29.045,28.275,28.98,25.462914,10378400
2016-02-01,28.68,28.780001000000002,28.155001000000002,28.254998999999998,24.825901,11286200
2016-02-02,28.365,29.309998999999998,27.870001000000002,28.639999,25.164181,10005600
2016-02-03,29.200001,29.415001,28.040001,28.66,25.181751000000002,5113400
2016-02-04,28.57,29.055,28.48,29.01,25.489276999999998,4558400
2016-02-05,28.985001,29.245001000000002,28.83,29.105,25.572748,4573000
2016-02-08,28.695,29.1,28.52,29.0,25.48049,5247000
2016-02-09,28.754998999999998,29.18,28.525,28.965,25.449735999999998,5561200
2016-02-10,29.15,29.43,28.715,28.745001000000002,25.256439,4456800
2016-02-11,27.805,28.299999,27.620001000000002,27.799999,24.779562,6858400
2016-02-12,28.26,28.690001000000002,28.129998999999998,28.655001000000002,25.541672,5266200
2016-02-16,29.049999,29.18,28.674999,29.065001000000002,25.907124,5149000
2016-02-17,29.375,29.684998999999998,29.35,29.535,26.326056,4410400
2016-02-18,29.620001000000002,29.705,29.405001000000002,29.58,26.366171,4157200
2016-02-19,29.49,29.674999,29.27,29.66,26.437475,5427200
2016-02-22,29.905001000000002,30.030001000000002,29.715,29.85,26.606831,4279000
2016-02-23,29.82,29.889999,29.625,29.684998999999998,26.459761,3166400
2016-02-24,29.365,29.91,29.23,29.815001000000002,26.575638,3366200
2016-02-25,29.860001,30.174999,29.575001,30.165001,26.887608,3433400
2016-02-26,30.290001,30.385,30.01,30.084999,26.816298,4168000
2016-02-29,30.09,30.219998999999998,29.76,29.76,26.526611,4156400
2016-03-01,29.959999,30.58,29.959999,30.535,27.217413,4925600
2016-03-02,30.51,30.725,30.389999,30.705,27.368937,4220200
2016-03-03,30.629998999999998,30.690001000000002,30.375,30.49,27.177296000000002,5213600
2016-03-04,30.615,30.684998999999998,30.344998999999998,30.514999,27.199581,4131400
2016-03-07,30.290001,30.49,30.184998999999998,30.275,26.985659000000002,5011600
2016-03-08,30.055,30.290001,29.66,30.030001000000002,26.767279,5889800
2016-03-09,30.215,30.385,29.83,30.215,26.932175,5052800
2016-03-10,30.264999,30.5,29.934998999999998,30.184998999999998,26.905435999999998,3811600
2016-03-11,30.559998999999998,31.174999,30.48,31.135,27.75222,4915000
2016-03-14,30.92,31.040001,30.754998999999998,30.825001,27.475903000000002,4130000
2016-03-15,30.615,30.83,30.525,30.775,27.431334999999997,3628800
2016-03-16,30.725,31.309998999999998,30.625,31.23,27.836896999999997,5395000
2016-03-17,31.165001,31.889999,30.93,31.695,28.251375,5627600
2016-03-18,31.83,31.975,31.504998999999998,31.76,28.309315,7765000
2016-03-21,31.625,31.84,31.559998999999998,31.639999,28.202351,3012400
2016-03-22,31.530001000000002,31.865,31.424999,31.67,28.229091999999998,3564000
2016-03-23,31.73,31.834999,31.594998999999998,31.700001,28.255834999999998,3846800
2016-03-24,31.455,31.469998999999998,31.17,31.35,27.943861,3489000
2016-03-28,31.395,31.705,31.395,31.58,28.148870000000002,3133200
2016-03-29,31.465,31.674999,31.325001,31.59,28.157784000000003,3275200
2016-03-30,31.75,32.165001000000004,31.700001,31.865,28.402905,3131600
2016-03-31,31.865,31.985001,31.540001,31.57,28.139956,4653000
2016-04-01,31.5,32.084998999999996,31.415001,32.060001,28.576721000000003,4427000
2016-04-04,32.07,32.075001,31.73,31.795,28.340511,3706000
2016-04-05,31.605,32.049999,31.605,31.860001,28.398449,4477000
2016-04-06,31.855,31.965,31.615,31.83,28.371708,3248000
2016-04-07,31.59,31.815001000000002,31.295,31.5,28.077565999999997,3537800
2016-04-08,31.74,32.044998,31.725,31.955,28.48313,4624600
2016-04-11,32.009997999999996,32.305,31.959999,32.02,28.541065000000003,4294000
2016-04-12,32.134997999999996,32.799999,32.040001000000004,32.764998999999996,29.205118,7111000
2016-04-13,32.970001,33.224998,32.875,33.224998,29.615140999999998,4878800
2016-04-14,33.400002,33.665001000000004,33.334998999999996,33.485001000000004,29.846895,5067000
2016-04-15,33.455002,33.615002000000004,33.325001,33.439999,29.806784000000004,4408200
2016-04-18,33.365002000000004,33.650002,33.209998999999996,33.605,29.953857,4058200
2016-04-19,33.625,33.814999,33.584998999999996,33.779999,30.109841999999997,5338200
2016-04-20,33.884997999999996,34.154999,33.814999,34.025002,30.328226,5629200
2016-04-21,33.775002,34.040001000000004,33.669998,33.700001,30.038534000000002,3930600
2016-04-22,33.755001,34.080002,33.720001,33.959998999999996,30.270284999999998,5285200
2016-04-25,33.82,34.0,33.605,33.935001,30.248003000000004,3827800
2016-04-26,34.02,34.34,33.875,34.0,30.305939000000002,5450200
2016-04-27,33.950001,34.735001000000004,33.91,34.66,30.894232000000002,6161600
2016-04-28,34.529999,34.799999,34.380001,34.505001,30.756072999999997,5512000
2016-04-29,34.41,34.610001000000004,34.259997999999996,34.485001000000004,30.738243,6065400
2016-05-02,34.235001000000004,34.650002,34.169998,34.564999,30.809549,4545800
2016-05-03,34.384997999999996,34.52,34.130001,34.485001000000004,30.738243,5691200
2016-05-04,34.310001,34.380001,34.009997999999996,34.215,30.497583000000002,4295200
2016-05-05,34.240002000000004,34.490002000000004,34.205002,34.330002,30.600094,3943200
2016-05-06,34.209998999999996,34.455002,34.095001,34.424999,30.684763,3201600
2016-05-09,34.325001,34.490002000000004,34.195,34.32,30.591171000000003,2941400
2016-05-10,34.209998999999996,34.619999,34.115002000000004,34.59,30.831837,3834200
2016-05-11,34.369999,34.650002,34.275002,34.380001,30.644657000000002,3017800
2016-05-12,34.605,34.720001,34.384997999999996,34.619999,30.858576,5062000
2016-05-13,34.560001,34.845001,34.400002,34.435001,30.693678000000002,3847000
2016-05-16,34.279999,34.639998999999996,34.23,34.509997999999996,31.131187,6213400
2016-05-17,34.514998999999996,34.575001,34.130001,34.220001,30.869584999999997,4350200
2016-05-18,34.205002,34.695,34.125,34.5,31.122171,6059800
2016-05-19,34.419998,34.48,34.009997999999996,34.299999,30.941755,4867000
2016-05-20,34.34,34.424999,34.215,34.365002000000004,31.000389000000002,5036200
2016-05-23,34.235001000000004,34.325001,34.110001000000004,34.25,30.89665,3666000
2016-05-24,34.389998999999996,34.900002,34.389998999999996,34.775002,31.370255,6480000
2016-05-25,34.974998,35.044998,34.855,34.924999,31.505558,3288600
2016-05-26,34.884997999999996,34.950001,34.575001,34.59,31.203359999999996,4594600
2016-05-27,34.625,34.779999,34.584998999999996,34.779999,31.374758,3820600
2016-05-31,34.830002,34.93,34.450001,34.73,31.329653000000004,5246800
2016-06-01,34.505001,34.75,34.375,34.705002,31.307106,3584600
2016-06-02,34.615002000000004,34.794998,34.485001000000004,34.790001000000004,31.383774,5340200
2016-06-03,34.485001000000004,34.669998,34.264998999999996,34.560001,31.1763,3910400
2016-06-06,34.68,34.900002,34.435001,34.674999,31.280045,3224400
2016-06-07,34.77,34.869999,34.610001000000004,34.654999,31.261995000000002,3398000
2016-06-08,34.615002000000004,34.98,34.544998,34.950001,31.528111,3619400
2016-06-09,34.775002,34.889998999999996,34.625,34.849998,31.437902,3085400
2016-06-10,34.48,34.674999,34.400002,34.474998,31.099619,3019200
2016-06-13,34.389998999999996,34.535,34.145,34.185001,30.838016999999997,3708800
2016-06-14,34.145,34.299999,34.049999,34.154999,30.810951,3077400
2016-06-15,34.255001,34.365002000000004,34.055,34.080002,30.743299,2997400
2016-06-16,33.82,34.41,33.709998999999996,34.404999,31.036471999999996,2840200
2016-06-17,34.389998999999996,34.544998,34.27,34.395,31.027451,4496600
2016-06-20,34.875,35.105,34.84,34.889998999999996,31.473989000000003,3710000
2016-06-21,35.025002,35.310001,34.939999,35.275002,31.821295000000003,4021800
2016-06-22,35.345001,35.529999,35.275002,35.419998,31.952090999999996,4025600
2016-06-23,35.799999,35.985001000000004,35.630001,35.884997999999996,32.371574,4539200
2016-06-24,34.34,35.244999,34.279999,34.630001,31.239447,7990200
2016-06-27,34.224998,34.294998,33.564999,33.665001000000004,30.368927000000003,7116600
2016-06-28,34.16,34.555,33.91,34.424999,31.054514,4928000
2016-06-29,34.610001000000004,35.060001,34.535,35.040001000000004,31.609306,3987600
2016-06-30,35.095001,36.084998999999996,35.0,36.080002,32.547478000000005,5148400
2016-07-01,36.095001,36.404999,36.005001,36.25,32.700835999999995,3694800
2016-07-05,35.970001,36.0,35.639998999999996,35.75,32.249790000000004,4164000
2016-07-06,35.634997999999996,36.110001000000004,35.59,36.105,32.570034,4582600
2016-07-07,36.075001,36.080002,35.509997999999996,35.709998999999996,32.213699,3914800
2016-07-08,36.130001,36.380001,35.955002,36.244999,32.69632,3451600
2016-07-11,36.25,36.529999,36.25,36.330002,32.773006,3766000
2016-07-12,36.52,36.764998999999996,36.5,36.599998,33.016566999999995,2976600
2016-07-13,36.68,36.799999,36.555,36.639998999999996,33.052647,3799800
2016-07-14,37.0,37.055,36.849998,36.849998,33.242084999999996,4770800
2016-07-15,36.965,37.07,36.605,36.68,33.088737,5128000
2016-07-18,36.685001,36.814999,36.595001,36.605,33.021072,3004600
2016-07-19,36.525002,36.759997999999996,36.450001,36.605,33.021072,2849200
2016-07-20,36.825001,36.880001,36.650002,36.724998,33.129326,2679800
2016-07-21,36.755001,36.810001,36.580002,36.665001000000004,33.075199,2023000
2016-07-22,36.735001000000004,36.75,36.584998999999996,36.744999,33.147369,2770400
2016-07-25,36.805,36.805,36.564999,36.625,33.039120000000004,2049600
2016-07-26,36.695,36.865002000000004,36.630001,36.845001,33.237579,3068400
2016-07-27,36.794998,36.974998,36.669998,36.68,33.088737,3068800
2016-07-28,36.560001,36.755001,36.415001000000004,36.66,33.07069,3945400
2016-07-29,35.935001,36.939999,35.560001,36.139998999999996,32.601603999999995,6794800
2016-08-01,35.955002,36.119999,35.665001000000004,35.790001000000004,32.28587,5343200
2016-08-02,35.82,35.900002,35.575001,35.810001,32.303917,3501400
2016-08-03,35.895,36.125,35.764998999999996,35.985001000000004,32.461784,3633000
2016-08-04,35.895,36.035,35.755001,35.98,32.457268,2952600
2016-08-05,36.209998999999996,36.66,36.105,36.535,32.957928,3658800
2016-08-08,36.610001000000004,36.669998,36.465,36.540001000000004,32.962437,2539200
2016-08-09,36.5,36.599998,36.360001000000004,36.555,32.975975,2850200
2016-08-10,36.529999,36.59,36.459998999999996,36.584998999999996,33.003033,3553600
2016-08-11,36.599998,36.93,36.525002,36.535,32.957928,4521200
2016-08-12,36.445,36.575001,36.299999,36.345001,32.786533,2486600
2016-08-15,36.48,36.575001,36.32,36.34,32.782021,3791400
2016-08-16,36.314999,36.325001,36.095001,36.099998,32.565514,2840800
2016-08-17,36.205002,36.345001,36.125,36.334998999999996,32.777512,2743000
2016-08-18,36.375,36.375,35.985001000000004,36.130001,32.592587,3338600
2016-08-19,36.014998999999996,36.52,35.834998999999996,36.439999,32.872227,3559000
2016-08-22,36.125,36.34,36.060001,36.32,33.136814,2223200
2016-08-23,36.349998,36.494999,36.345001,36.389998999999996,33.20068,2420600
2016-08-24,36.349998,36.43,36.279999,36.349998,33.164188,2663600
2016-08-25,36.259997999999996,36.525002,36.255001,36.494999,33.296473999999996,4307800
2016-08-26,36.474998,36.790001000000004,36.209998999999996,36.375,33.186993,4100800
2016-08-29,36.474998,36.994999,36.459998999999996,36.849998,33.620365,2736800
2016-08-30,36.849998,37.185001,36.849998,37.139998999999996,33.884945,2761200
2016-08-31,37.185001,37.25,36.810001,37.09,33.839333,3474000
2016-09-01,37.139998999999996,37.18,36.685001,36.935001,33.697914000000004,2831200
2016-09-02,37.040001000000004,37.18,36.825001,36.994999,33.752655,2372200
2016-09-06,36.974998,36.974998,36.66,36.830002,33.602119,2494600
2016-09-07,36.735001000000004,36.889998999999996,36.630001,36.764998999999996,33.54282,2300200
2016-09-08,36.77,36.775002,36.450001,36.470001,33.27367,3216000
2016-09-09,36.404999,36.669998,36.200001,36.200001,33.027332,4522200
2016-09-12,36.035,36.834998999999996,35.860001000000004,36.709998999999996,33.49263,5435800
2016-09-13,36.32,36.375,35.845001,35.915001000000004,32.767311,4282800
2016-09-14,35.935001,36.130001,35.799999,35.900002,32.753624,3446200
2016-09-15,35.915001000000004,36.23,35.904999,36.169998,32.999958,3013000
2016-09-16,36.009997999999996,36.009997999999996,35.650002,35.669998,32.543781,4827800
2016-09-19,35.834998999999996,36.16,35.799999,36.009997999999996,32.853981,4001600
2016-09-20,36.27,36.459998999999996,36.075001,36.224998,33.050144,2870600
2016-09-21,36.459998999999996,36.764998999999996,36.395,36.75,33.529133,3492600
2016-09-22,36.845001,36.974998,36.724998,36.759997999999996,33.53825,2954800
2016-09-23,36.68,36.75,36.369999,36.369999,33.182434,2668200
2016-09-26,36.154999,36.195,35.875,36.009997999999996,32.853981,3075800
2016-09-27,35.935001,36.305,35.75,36.209998999999996,33.036457,2677400
2016-09-28,36.220001,36.330002,35.955002,36.235001000000004,33.059265,2117800
2016-09-29,36.209998999999996,36.285,35.634997999999996,35.779999,32.644138,2560600
2016-09-30,35.924999,36.139998999999996,35.779999,35.935001,32.785561,3092000
2016-10-03,35.810001,35.970001,35.625,35.785,32.648705,3111800
2016-10-04,35.849998,35.915001000000004,35.595001,35.75,32.616776,5331000
2016-10-05,35.860001000000004,36.040001000000004,35.830002,35.950001,32.799244,3237200
2016-10-06,36.029999,36.099998,35.825001,36.035,32.876789,2395200
2016-10-07,35.834998999999996,36.009997999999996,35.619999,35.689999,32.562034999999995,2492600
2016-10-10,35.82,36.009997999999996,35.775002,35.84,32.698879,2072200
2016-10-11,35.794998,35.82,35.365002000000004,35.490002000000004,32.379562,2701200
2016-10-12,35.509997999999996,35.865002000000004,35.505001,35.810001,32.671513,3223800
2016-10-13,35.5,35.630001,35.080002,35.305,32.210777,3181400
2016-10-14,35.57,35.884997999999996,35.455002,35.48,32.37043,2429400
2016-10-17,35.490002000000004,35.5,35.279999,35.310001,32.215340000000005,2593600
2016-10-18,35.560001,35.610001000000004,35.060001,35.150002,32.069359000000006,3821200
2016-10-19,35.255001,35.5,35.205002,35.27,32.178844,4306200
2016-10-20,35.16,35.27,34.830002,34.880001,31.823021,3443200
2016-10-21,34.584998999999996,34.775002,34.334998999999996,34.689999,31.649675,3532800
2016-10-24,34.865002000000004,35.07,34.814999,35.009997999999996,31.941628,2755400
2016-10-25,35.0,35.0,34.66,34.82,31.768278000000002,2626200
2016-10-26,34.619999,35.005001,34.619999,34.900002,31.841269,2413800
2016-10-27,35.084998999999996,35.195,34.779999,35.105,32.028304999999996,4541000
2016-10-28,35.240002000000004,35.494999,34.110001000000004,34.255001,31.252802000000003,5452800
2016-10-31,34.43,34.59,34.360001000000004,34.435001,31.417028000000002,4274000
2016-11-01,34.59,34.605,33.959998999999996,34.195,31.198051,3595600
2016-11-02,34.195,34.404999,34.084998999999996,34.195,31.198051,2294600
2016-11-03,34.360001000000004,34.610001000000004,34.290001000000004,34.419998,31.40333,3370400
2016-11-04,34.5,34.529999,34.185001,34.279999,31.275602000000003,3952800
2016-11-07,34.740002000000004,34.860001000000004,34.68,34.794998,31.745464000000002,3338800
2016-11-08,34.794998,35.215,34.669998,35.044998,31.973557,3092800
2016-11-09,35.220001,36.035,34.924999,35.799999,32.66238,5037000
2016-11-10,36.110001000000004,36.974998,35.860001000000004,36.625,33.415089,5817800
2016-11-11,36.415001000000004,36.654999,36.139998999999996,36.305,33.123138,3670400
2016-11-14,36.360001000000004,36.779999,36.09,36.139998999999996,33.367805,5028200
2016-11-15,36.035,36.25,35.790001000000004,36.25,33.469364,4026000
2016-11-16,36.040001000000004,36.169998,35.875,35.915001000000004,33.160061,3617800
2016-11-17,35.884997999999996,36.310001,35.825001,36.195,33.418583,3173600
2016-11-18,36.18,36.384997999999996,36.075001,36.25,33.469364,4987800
2016-11-21,36.259997999999996,36.424999,35.775002,35.825001,33.076962,4193800
2016-11-22,35.889998999999996,35.900002,35.474998,35.59,32.859992999999996,4370600
2016-11-23,35.724998,35.945,35.555,35.810001,33.063114,3158800
2016-11-25,35.810001,35.955002,35.669998,35.865002000000004,33.113903,1188800
2016-11-28,35.654999,35.805,35.415001000000004,35.494999,32.772278,2885200
2016-11-29,35.555,35.805,35.535,35.639998999999996,32.906155,2286200
2016-11-30,35.880001,35.965,35.625,35.689999,32.952324,4299200
2016-12-01,35.759997999999996,35.799999,35.064999,35.240002000000004,32.536839,5945600
2016-12-02,35.0,35.130001,34.075001,34.145,31.525828999999998,9390600
2016-12-05,34.32,34.494999,34.09,34.345001,31.710495,6072600
2016-12-06,34.375,34.424999,34.075001,34.290001000000004,31.659706,6587800
2016-12-07,34.27,34.794998,34.205002,34.73,32.065956,4724600
2016-12-08,34.880001,35.075001,34.709998999999996,34.810001,32.139832,4618600
2016-12-09,34.389998999999996,34.605,33.75,34.529999,31.881302,8920600
2016-12-12,34.474998,34.615002000000004,34.259997999999996,34.48,31.835134999999998,6688400
2016-12-13,34.665001000000004,35.07,34.66,34.990002000000004,32.306022999999996,5739200
2016-12-14,34.845001,35.400002,34.709998999999996,34.860001000000004,32.185986,6377400
2016-12-15,34.875,35.174999,34.605,34.634997999999996,31.978248999999998,6695800
2016-12-16,34.695,34.810001,34.509997999999996,34.705002,32.042877000000004,5982400
2016-12-19,34.605,34.904999,34.395,34.895,32.218303999999996,3606800
2016-12-20,34.924999,35.154999,34.775002,34.93,32.250614,3486000
2016-12-21,34.93,35.34,34.93,35.150002,32.453742999999996,2568600
2016-12-22,35.075001,35.23,34.845001,35.189999,32.490677000000005,2709400
2016-12-23,35.185001,35.205002,34.974998,35.075001,32.384499,2147000
2016-12-27,35.080002,35.355,35.014998999999996,35.200001,32.499905,1766600
2016-12-28,35.110001000000004,35.145,34.849998,34.900002,32.222919,3138600
2016-12-29,34.93,35.064999,34.900002,34.915001000000004,32.236771000000005,2776600
2016-12-30,35.009997999999996,35.07,34.715,34.799999,32.130584999999996,2387800
2017-01-03,35.044998,35.165001000000004,34.66,34.884997999999996,32.209068,4649400
2017-01-04,35.0,35.375,34.904999,35.205002,32.504528,3893400
2017-01-05,35.145,35.310001,34.805,34.974998,32.292159999999996,4480400
2017-01-06,35.095001,35.32,34.889998999999996,35.095001,32.402962,4468000
2017-01-09,34.945,35.075001,34.689999,34.759997999999996,32.093655,3623600
2017-01-10,34.755001,35.049999,34.57,34.715,32.052109,5388400
2017-01-11,34.755001,34.955002,34.634997999999996,34.93,32.250614,4322400
2017-01-12,34.724998,35.049999,34.525002,34.785,32.116741,5566200
2017-01-13,34.884997999999996,35.099998,34.43,34.82,32.149055,4018600
2017-01-17,34.564999,35.055,34.544998,34.939999,32.259853,6434600
2017-01-18,35.035,35.119999,34.689999,34.985001000000004,32.301403,4774000
2017-01-19,35.029999,35.119999,34.419998,34.73,32.065956,4587200
2017-01-20,34.959998999999996,35.095001,34.810001,35.040001000000004,32.35218,4812600
2017-01-23,35.0,35.02,34.57,34.674999,32.015171,3542800
2017-01-24,34.834998999999996,34.98,34.669998,34.91,32.232155,5017600
2017-01-25,35.055,35.290001000000004,34.98,35.23,32.527603000000006,7166000
2017-01-26,35.275002,35.384997999999996,35.189999,35.279999,32.573765,5971800
2017-01-27,35.205002,35.275002,35.0,35.134997999999996,32.439892,2401600
2017-01-30,35.125,35.259997999999996,34.93,35.174999,32.476822,4785200
2017-01-31,35.154999,35.380001,34.805,34.994999,32.310635,7581400
2017-02-01,34.5,34.974998,33.299999,33.57,30.994940000000003,9219000
2017-02-02,33.384997999999996,34.064999,33.25,33.915001000000004,31.313473,5373600
2017-02-03,34.450001,34.459998999999996,34.099998,34.305,31.673563,4278400
2017-02-06,34.200001,34.525002,34.084998999999996,34.465,31.821286999999998,3652400
2017-02-07,34.610001000000004,34.639998999999996,34.314999,34.485001000000004,31.839754,3710600
2017-02-08,34.474998,34.880001,34.400002,34.82,32.149055,4222000
2017-02-09,34.950001,35.035,34.755001,34.950001,32.269081,4838000
2017-02-10,35.0,35.049999,34.955002,34.990002000000004,32.306022999999996,4264000
2017-02-13,34.904999,35.625,34.904999,35.490002000000004,33.175365,6010800
2017-02-14,35.43,35.610001000000004,35.349998,35.52,33.203410999999996,4334200
2017-02-15,35.435001,35.610001000000004,35.355,35.5,33.184708,4529200
2017-02-16,35.349998,35.669998,35.32,35.595001,33.273509999999995,4797600
2017-02-17,35.465,35.564999,35.169998,35.549999,33.231441,4163800
2017-02-21,35.560001,35.869999,35.560001,35.709998999999996,33.381008,3643800
2017-02-22,35.529999,35.740002000000004,35.490002000000004,35.580002,33.259491,3516200
2017-02-23,35.599998,35.860001000000004,35.599998,35.860001000000004,33.521233,2797200
2017-02-24,35.619999,35.865002000000004,35.564999,35.855,33.516552000000004,3142800
2017-02-27,35.990002000000004,36.235001000000004,35.875,36.165001000000004,33.806343,3663000
2017-02-28,36.075001,36.290001000000004,36.025002,36.174999,33.815684999999995,6384400
2017-03-01,36.5,36.665001000000004,36.404999,36.490002000000004,34.110138,5367200
2017-03-02,36.435001,36.470001,36.075001,36.095001,33.740906,3806200
2017-03-03,36.134997999999996,36.27,36.07,36.134997999999996,33.778294,2685400
2017-03-06,35.93,36.215,35.91,36.095001,33.740906,2443200
2017-03-07,36.080002,36.125,35.91,35.974998,33.628727000000005,2692000
2017-03-08,36.200001,36.290001000000004,35.945,35.945,33.600689,3447200
2017-03-09,36.169998,36.235001000000004,35.950001,36.044998,33.69416,3340600
2017-03-10,36.185001,36.360001000000004,35.830002,36.009997999999996,33.661446000000005,3030800
2017-03-13,36.040001000000004,36.130001,35.900002,36.025002,33.675472,3217800
2017-03-14,35.959998999999996,36.0,35.785,35.919998,33.577312,3209800
2017-03-15,35.924999,36.200001,35.790001000000004,36.174999,33.815684999999995,3896200
2017-03-16,36.154999,36.419998,36.125,36.200001,33.839058,4006400
2017-03-17,36.259997999999996,36.465,35.974998,36.264998999999996,33.899815000000004,6158200
2017-03-20,36.169998,36.27,36.005001,36.119999,33.764275,2299400
2017-03-21,36.220001,36.299999,35.645,35.705002,33.376339,4650400
2017-03-22,35.595001,35.889998999999996,35.32,35.82,33.483841,3248200
2017-03-23,35.794998,36.275002,35.700001,36.0,33.652103000000004,3103200
2017-03-24,36.02,36.264998999999996,35.889998999999996,35.994999,33.64743,3418000
2017-03-27,35.599998,36.0,35.535,35.919998,33.577312,5465200
2017-03-28,35.849998,36.330002,35.84,36.154999,33.796986,4729400
2017-03-29,35.994999,36.064999,35.650002,35.790001000000004,33.455795,3445800
2017-03-30,35.724998,36.264998999999996,35.724998,36.16,33.801659,4730000
2017-03-31,36.075001,36.314999,36.07,36.209998999999996,33.848408,4269800
2017-04-03,36.380001,36.470001,36.040001000000004,36.330002,33.960575,4812200
2017-04-04,36.275002,36.369999,36.200001,36.305,33.937214000000004,3038800
2017-04-05,36.389998999999996,36.57,36.080002,36.095001,33.740906,6065200
2017-04-06,36.314999,36.645,36.110001000000004,36.474998,34.096119,6797600
2017-04-07,36.334998999999996,36.59,36.325001,36.450001,34.072753999999996,5847000
2017-04-10,36.494999,36.945,36.459998999999996,36.775002,34.376553,7509000
2017-04-11,36.650002,36.875,36.564999,36.875,34.470036,3798000
2017-04-12,36.584998999999996,36.830002,36.505001,36.674999,34.283073,4409400
2017-04-13,36.575001,36.810001,36.494999,36.5,34.119488,3011800
2017-04-17,36.575001,36.764998999999996,36.555,36.764998999999996,34.36721,3990600
2017-04-18,36.814999,37.09,36.759997999999996,36.939999,34.530788,5379800
2017-04-19,37.09,37.18,36.709998999999996,36.785,34.385902,3537400
2017-04-20,36.924999,37.244999,36.724998,37.084998999999996,34.666340000000005,3082200
2017-04-21,37.07,37.345001,36.98,36.994999,34.582207000000004,3537600
2017-04-24,37.490002000000004,37.544998,37.205002,37.325001,34.890685999999995,3761000
2017-04-25,37.509997999999996,37.610001000000004,37.424999,37.505001,35.058949,3652200
2017-04-26,37.43,37.669998,37.285,37.400002,34.960796,4431400
2017-04-27,37.505001,37.615002000000004,37.369999,37.525002,35.077644,3557800
2017-04-28,37.615002000000004,38.439999,37.384997999999996,37.439999,34.99818,4598000
2017-05-01,37.529999,37.605,37.215,37.220001,34.79253,3803800
2017-05-02,37.205002,37.535,37.205002,37.509997999999996,35.063618,2811200
2017-05-03,37.455002,37.52,37.264998999999996,37.380001,34.942097,2655800
2017-05-04,37.529999,37.665001000000004,37.044998,37.195,34.769161,4312800
2017-05-05,37.259997999999996,37.285,37.02,37.174999,34.750469,2378400
2017-05-08,37.224998,37.244999,37.0,37.165001000000004,34.741112,2926600
2017-05-09,37.169998,37.27,36.869999,36.93,34.521446000000005,2830000
2017-05-10,36.869999,37.23,36.855,37.215,34.787857,3771200
2017-05-11,37.060001,37.115002000000004,36.834998999999996,36.98,34.56818,2647800
2017-05-12,36.830002,36.965,36.674999,36.715,34.320465000000006,2323400
2017-05-15,36.805,36.950001,36.755001,36.865002000000004,34.46069,2348600
2017-05-16,36.889998999999996,36.939999,36.785,36.869999,34.465363,2297200
2017-05-17,36.869999,36.970001,36.404999,36.810001,34.409271000000004,5104200
2017-05-18,36.810001,37.075001,36.705002,36.860001000000004,34.456005,3443000
2017-05-19,36.895,37.0,36.77,36.935001,34.526119,4560800
2017-05-22,36.915001000000004,37.16,36.875,36.950001,34.946995,3278600
2017-05-23,36.974998,37.139998999999996,36.935001,37.064999,35.055763,2473000
2017-05-24,37.084998999999996,37.139998999999996,36.834998999999996,36.915001000000004,34.913895000000004,2764200
2017-05-25,36.935001,37.395,36.904999,37.355,35.330044,2618200
2017-05-26,37.299999,37.439999,37.224998,37.419998,35.391518,1912000
2017-05-30,37.349998,37.669998,37.290001000000004,37.57,35.533386,3069600
2017-05-31,37.57,37.700001,37.43,37.689999,35.646881,5348600
2017-06-01,37.82,37.98,37.625,37.965,35.906982,2923800
2017-06-02,37.904999,38.119999,37.805,37.965,35.906982,2829800
2017-06-05,37.950001,38.134997999999996,37.825001,37.880001,35.826584000000004,2045600
2017-06-06,37.73,37.814999,37.355,37.395,35.367874,2342800
2017-06-07,37.455002,37.595001,37.275002,37.465,35.434082000000004,2513800
2017-06-08,37.465,37.790001000000004,37.465,37.599998,35.561756,4054200
2017-06-09,37.689999,39.075001,37.654999,39.0,36.885868,7028600
2017-06-12,38.955002,39.049999,38.665001000000004,38.810001,36.706173,4277600
2017-06-13,38.834998999999996,39.02,38.775002,38.950001,36.838581,2704000
2017-06-14,38.68,39.130001,38.674999,39.049999,36.933159,3789000
2017-06-15,38.845001,38.970001,38.77,38.900002,36.791290000000004,3356000
2017-06-16,38.974998,39.189999,38.830002,39.189999,37.065571000000006,5550800
2017-06-19,39.310001,39.93,39.259997999999996,39.630001,37.48172,5491600
2017-06-20,39.525002,39.700001,39.34,39.355,37.221626,2343800
2017-06-21,39.380001,39.450001,38.955002,38.985001000000004,36.871685,3187600
2017-06-22,38.994999,38.994999,38.634997999999996,38.66,36.564304,2813400
2017-06-23,38.764998999999996,39.02,38.66,38.799999,36.696701000000004,4426600
2017-06-26,38.935001,39.035,38.639998999999996,38.755001,36.654152,2683200
2017-06-27,38.875,39.060001,38.764998999999996,38.884997999999996,36.777103000000004,2693400
2017-06-28,39.150002,39.43,39.044998,39.154999,37.032471,2828400
2017-06-29,39.419998,39.52,38.605,38.799999,36.696701000000004,3345800
2017-06-30,38.959998999999996,39.119999,38.715,38.84,36.734547,3041800
2017-07-03,39.055,39.665001000000004,38.939999,39.209998999999996,37.084484,1875600
2017-07-05,39.209998999999996,39.360001000000004,39.060001,39.150002,37.02774,2282800
2017-07-06,39.165001000000004,39.195,38.740002000000004,38.764998999999996,36.663605,3788000
2017-07-07,38.869999,39.169998,38.810001,38.990002000000004,36.876419,2864200
2017-07-10,38.91,39.044998,38.785,38.825001,36.72036,2528000
2017-07-11,38.900002,38.950001,38.630001,38.82,36.715626,1992000
2017-07-12,38.779999,38.970001,38.715,38.825001,36.72036,1989000
2017-07-13,38.825001,39.014998999999996,38.77,38.950001,36.838581,1631600
2017-07-14,38.805,39.119999,38.599998,38.935001,36.824397999999995,2327000
2017-07-17,38.904999,39.07,38.724998,38.875,36.767647,2332000
2017-07-18,38.689999,38.994999,38.605,38.935001,36.824397999999995,1580000
2017-07-19,38.985001000000004,39.055,38.825001,38.945,36.833851,1900800
2017-07-20,38.865002000000004,39.16,38.755001,38.84,36.734547,2587200
2017-07-21,38.77,38.895,38.66,38.785,36.682522,2654400
2017-07-24,38.790001000000004,38.865002000000004,38.755001,38.810001,36.706173,2119400
2017-07-25,39.09,39.185001,38.919998,39.029999,36.914238,2209800
2017-07-26,38.994999,39.099998,38.560001,38.674999,36.578491,3396200
2017-07-27,38.674999,38.689999,38.310001,38.560001,36.469722999999995,5014400
2017-07-28,38.735001000000004,39.919998,38.735001000000004,39.689999,37.538464000000005,5300000
2017-07-31,39.790001000000004,39.955002,39.625,39.875,37.713440000000006,5907800
2017-08-01,40.044998,40.470001,39.810001,40.445,38.252537,3710000
2017-08-02,40.330002,40.619999,40.255001,40.580002,38.380221999999996,2521400
2017-08-03,40.540001000000004,40.724998,40.404999,40.485001000000004,38.290371,2531200
2017-08-04,40.645,40.665001000000004,40.369999,40.580002,38.380221999999996,2283800
2017-08-07,40.57,40.775002,40.455002,40.549999,38.351845000000004,2554200
2017-08-08,40.540001000000004,40.790001000000004,40.514998999999996,40.619999,38.418053,2385000
2017-08-09,40.555,40.900002,40.365002000000004,40.884997999999996,38.668686,3084600
2017-08-10,40.625,40.775002,40.404999,40.41,38.219433,3332800
2017-08-11,40.334998999999996,40.615002000000004,40.334998999999996,40.375,38.186337,2744400
2017-08-14,40.494999,40.755001,40.41,40.625,38.422783,2360800
2017-08-15,40.755001,40.945,40.549999,40.630001,38.427517,2276800
2017-08-16,40.75,40.845001,40.380001,40.41,38.219433,2546400
2017-08-17,40.380001,40.5,39.900002,39.915001000000004,37.75127,2993000
2017-08-18,39.855,40.130001,39.705002,39.919998,37.755997,2794600
2017-08-21,39.755001,40.055,39.580002,39.855,38.104977000000005,3461000
2017-08-22,39.950001,40.119999,39.884997999999996,40.084998999999996,38.324875,2299000
2017-08-23,39.814999,40.139998999999996,39.814999,40.029999,38.272285,1799600
2017-08-24,40.16,40.314999,39.990002000000004,40.195,38.430042,2787400
2017-08-25,40.299999,40.549999,40.285,40.455002,38.678627,2742000
2017-08-28,40.43,40.57,40.314999,40.400002,38.626041,4063800
2017-08-29,40.174999,40.875,40.0,40.855,39.061062,4450400
2017-08-30,40.845001,41.185001,40.605,41.029999,39.228378,4131200
2017-08-31,41.110001000000004,41.349998,41.029999,41.275002,39.462624,7708800
2017-09-01,41.275002,41.695,41.23,41.450001,39.629936,3141200
2017-09-05,41.345001,41.560001,40.68,40.759997999999996,38.970234000000005,4619200
2017-09-06,40.855,41.095001,40.790001000000004,40.84,39.046719,3171800
2017-09-07,40.965,40.970001,40.040001000000004,40.275002,38.506535,3458200
2017-09-08,39.950001,40.700001,39.875,40.59,38.807701,3525000
2017-09-11,41.095001,41.27,40.875,41.235001000000004,39.424377,2878400
2017-09-12,41.305,41.400002,40.990002000000004,41.119999,39.314426,2527600
2017-09-13,41.029999,41.099998,40.950001,41.02,39.218819,2064800
2017-09-14,41.005001,41.064999,40.695,41.055,39.252285,2747000
2017-09-15,40.965,41.439999,40.895,41.404999,39.586906,4877200
2017-09-18,41.445,41.630001,41.355,41.575001,39.749446999999996,2653800
2017-09-19,41.560001,41.900002,41.540001000000004,41.82,39.983688,2691400
2017-09-20,41.900002,42.119999,41.805,41.959998999999996,40.117542,3048200
2017-09-21,41.965,41.970001,41.66,41.814999,39.978905,3385200
2017-09-22,41.755001,42.025002,41.709998999999996,41.970001,40.127102,2281400
2017-09-25,41.915001000000004,42.255001,41.735001000000004,42.130001,40.280079,2758200
2017-09-26,41.57,41.924999,41.535,41.77,39.935879,2929000
2017-09-27,41.889998999999996,41.994999,41.525002,41.889998999999996,40.050613,4127400
2017-09-28,41.869999,41.875,40.755001,41.150002,39.343117,6290000
2017-09-29,41.139998999999996,41.139998999999996,40.549999,40.695,38.908096,3329800
2017-10-02,40.759997999999996,41.064999,40.705002,40.985001000000004,39.185352,6282200
2017-10-03,40.98,41.150002,40.825001,41.115002000000004,39.309643,2239000
2017-10-04,41.075001,41.244999,41.025002,41.060001,39.257069,2591000
2017-10-05,41.035,41.509997999999996,41.035,41.244999,39.433937,2365800
2017-10-06,41.355,41.48,41.005001,41.134997999999996,39.32877,1753800
2017-10-09,41.115002000000004,41.355,41.025002,41.290001000000004,39.476963,1931400
2017-10-10,41.360001000000004,41.810001,41.325001,41.810001,39.974129,3557200
2017-10-11,41.75,41.98,41.544998,41.939999,40.098415,3081200
2017-10-12,41.895,42.060001,41.689999,41.970001,40.127102,2195000
2017-10-13,42.014998999999996,42.34,41.98,42.005001,40.160564,2480200
2017-10-16,42.029999,42.255001,41.860001000000004,42.09,40.241837,2296800
2017-10-17,42.080002,42.174999,41.724998,41.880001,40.041061,1813600
2017-10-18,41.900002,42.009997999999996,41.605,41.880001,40.041061,2046800
2017-10-19,41.799999,42.244999,41.799999,42.224998,40.370907,1918400
2017-10-20,42.57,42.619999,41.84,41.924999,40.084076,3119800
2017-10-23,41.990002000000004,42.18,41.84,42.16,40.308758000000005,2982000
2017-10-24,42.375,42.384997999999996,42.009997999999996,42.279999,40.423489000000004,2814200
2017-10-25,42.189999,42.27,41.755001,42.035,40.189251,4657200
2017-10-26,42.494999,42.849998,41.605,41.814999,39.978905,4407400
2017-10-27,41.830002,42.02,41.669998,41.970001,40.127102,3347400
2017-10-30,41.855,42.095001,41.814999,41.915001000000004,40.074515999999996,2113000
2017-10-31,41.91,42.049999,41.825001,41.945,40.103199,2942000
2017-11-01,42.07,42.325001,41.994999,42.145,40.294422,1415100
2017-11-02,42.209998999999996,42.355,41.959998999999996,42.205002,40.351788,2907200
2017-11-03,42.099998,42.16,41.849998,41.990002000000004,40.146229,1208700
2017-11-06,41.935001,42.439999,41.915001000000004,42.285,40.428265,1527200
2017-11-07,42.375,42.509997999999996,41.685001,41.904999,40.064953,3040800
2017-11-08,41.860001000000004,42.110001000000004,41.77,41.994999,40.151005,2221800
2017-11-09,41.904999,42.189999,41.775002,42.040001000000004,40.194031,1862000
2017-11-10,41.970001,42.005001,41.5,41.720001,39.888084,2363400
2017-11-13,41.634997999999996,42.259997999999996,41.549999,42.200001,40.347012,2697800
2017-11-14,41.759997999999996,42.264998999999996,41.634997999999996,42.134997999999996,40.719063,2387000
2017-11-15,41.965,42.314999,41.845001,42.220001,40.801212,3033400
2017-11-16,42.360001000000004,42.48,42.075001,42.154999,40.738396,2670000
2017-11-17,41.990002000000004,42.075001,41.630001,41.924999,40.516125,3557200
2017-11-20,42.049999,42.474998,42.035,42.34,40.917175,2789600
2017-11-21,42.505001,42.830002,42.5,42.540001000000004,41.110458,2541800
2017-11-22,42.540001000000004,42.674999,42.415001000000004,42.525002,41.095959,2460400
2017-11-24,42.625,42.744999,42.34,42.5,41.071804,1243800
2017-11-27,42.544998,42.974998,42.494999,42.720001,41.284409000000004,3535400
2017-11-28,42.75,43.200001,42.68,43.134997999999996,41.685459,3410200
2017-11-29,43.189999,43.779999,43.119999,43.595001,42.130005,3096200
2017-11-30,43.799999,44.049999,43.474998,43.82,42.347443,7070600
2017-12-01,43.959998999999996,44.044998,42.615002000000004,43.799999,42.328114,3563400
2017-12-04,44.224998,44.369999,43.715,44.07,42.589043,3898200
2017-12-05,44.189999,44.275002,43.785,43.919998,42.444077,3238800
2017-12-06,43.985001000000004,44.205002,43.73,43.805,42.332947,3055000
2017-12-07,43.650002,44.095001,43.575001,43.970001,42.492397,2159000
2017-12-08,44.029999,44.084998999999996,43.75,44.080002,42.598709,2852800
2017-12-11,44.139998999999996,44.32,43.945,44.240002000000004,42.753334,2338600
2017-12-12,44.189999,44.575001,44.165001000000004,44.380001,42.888626,2391000
2017-12-13,44.325001,44.514998999999996,44.209998999999996,44.244999,42.75816,2772800
2017-12-14,44.27,44.549999,44.115002000000004,44.209998999999996,42.724334999999996,3064400
2017-12-15,44.435001,44.834998999999996,44.195,44.630001,43.130221999999996,6039000
2017-12-18,44.865002000000004,44.904999,44.025002,44.145,42.661522,3198200
2017-12-19,44.174999,44.275002,43.945,43.990002000000004,42.51173,4008400
2017-12-20,44.125,44.139998999999996,43.654999,43.68,42.212146999999995,4538200
2017-12-21,43.759997999999996,43.959998999999996,43.459998999999996,43.555,42.091347,5847400
2017-12-22,43.599998,43.75,43.400002,43.605,42.139668,3020000
2017-12-26,43.66,43.935001,43.610001000000004,43.82,42.347443,1741000
2017-12-27,43.755001,44.055,43.700001,43.855,42.381268,2760200
2017-12-28,44.0,44.145,43.790001000000004,44.115002000000004,42.632529999999996,1653400
2017-12-29,44.154999,44.264998999999996,43.889998999999996,43.889998999999996,42.415085,1971800
2018-01-02,44.18,44.330002,43.834998999999996,43.985001000000004,42.506896999999995,4227200
2018-01-03,43.865002000000004,44.16,43.790001000000004,44.115002000000004,42.632529999999996,3575600
2018-01-04,44.285,44.919998,44.23,44.57,43.072243,3323200
2018-01-05,44.685001,44.875,44.48,44.865002000000004,43.357323,2737800
2018-01-08,44.935001,45.049999,44.849998,44.98,43.46846,2866400
2018-01-09,45.099998,45.650002,44.974998,45.0,43.487792999999996,3404800
2018-01-10,44.955002,45.555,44.860001000000004,45.369999,43.845352,3336600
2018-01-11,45.599998,45.865002000000004,45.445,45.845001,44.304394,2754400
2018-01-12,45.5,45.5,41.849998,42.470001,41.042812,27518600
2018-01-16,42.494999,43.544998,42.459998999999996,43.195,41.743446,10066200
2018-01-17,43.514998999999996,44.134997999999996,43.264998999999996,43.91,42.434422,6480000
2018-01-18,43.904999,44.174999,43.07,43.220001,41.767609,6981600
2018-01-19,43.205002,43.705002,43.154999,43.41,41.951221000000004,3745200
2018-01-22,44.0,44.099998,43.66,43.845001,42.371601,4787800
2018-01-23,43.665001000000004,44.150002,43.634997999999996,44.040001000000004,42.560051,5023000
2018-01-24,44.244999,44.505001,44.02,44.215,42.729164000000004,5099600
2018-01-25,44.41,44.790001000000004,44.189999,44.709998999999996,43.207539000000004,4557400
2018-01-26,44.705002,45.52,44.705002,45.494999,43.966156,4072200
2018-01-29,45.389998999999996,45.505001,44.724998,44.775002,43.270351,4216000
2018-01-30,44.549999,44.605,44.224998,44.285,42.796814000000005,4528000
2018-01-31,44.325001,44.445,43.889998999999996,44.099998,42.618031,5071800
2018-02-01,44.290001000000004,45.349998,44.195,44.845001,43.338001,7420600
2018-02-02,44.794998,45.285,44.41,44.474998,42.980431,4697000
2018-02-05,44.330002,44.555,43.025002,43.105,41.656471,4887200
2018-02-06,42.369999,42.994999,41.689999,42.810001,41.371384,7481800
2018-02-07,42.720001,43.555,42.634997999999996,42.799999,41.361717,4643600
2018-02-08,42.915001000000004,43.064999,41.615002000000004,41.625,40.2262,5560200
2018-02-09,42.145,42.619999,41.41,42.384997999999996,40.960663000000004,5242600
2018-02-12,42.555,42.91,42.125,42.564999,41.134617,3779200
2018-02-13,42.455002,43.200001,42.415001000000004,43.035,41.588821,3533800
2018-02-14,43.255001,43.945,43.215,43.825001,42.352276,4493400
2018-02-15,44.084998999999996,44.314999,43.735001000000004,44.209998999999996,42.724334999999996,3425400
2018-02-16,44.040001000000004,45.02,44.040001000000004,44.825001,43.318668,4285000
2018-02-20,44.380001,44.970001,44.310001,44.459998999999996,43.470219,4555000
2018-02-21,44.395,45.345001,44.330002,44.439999,43.450665,4553400
2018-02-22,44.605,44.779999,44.165001000000004,44.264998999999996,43.279564,4205000
2018-02-23,44.395,44.84,44.395,44.785,43.787983000000004,3153400
2018-02-26,44.93,45.395,44.665001000000004,45.380001,44.36974,3636400
2018-02-27,45.305,45.630001,44.924999,44.994999,43.993305,4519400
2018-02-28,45.165001000000004,45.455002,44.43,44.439999,43.450665,4329200
2018-03-01,44.505001,44.900002,43.43,43.830002,42.854248,4533600
2018-03-02,43.705002,43.889998999999996,43.154999,43.755001,42.780918,5099400
2018-03-05,43.555,44.459998999999996,43.485001000000004,44.125,43.142672999999995,3981400
2018-03-06,44.310001,44.445,43.764998999999996,44.389998999999996,43.401779,3276200
2018-03-07,43.860001000000004,44.474998,43.825001,44.384997999999996,43.396889,6128800
2018-03-08,44.555,45.014998999999996,44.445,44.994999,43.993305,3290200
2018-03-09,45.040001000000004,45.849998,45.0,45.84,44.819496,3613800
2018-03-12,45.759997999999996,45.775002,45.27,45.415001000000004,44.403960999999995,3446000
2018-03-13,45.634997999999996,45.880001,45.25,45.375,44.364849,5045600
2018-03-14,45.424999,45.525002,44.990002000000004,45.105,44.100861,4053200
2018-03-15,45.195,45.365002000000004,44.974998,45.009997999999996,44.007973,3513200
2018-03-16,45.125,45.349998,44.93,45.244999,44.237743,8094200
2018-03-19,45.43,45.52,44.310001,44.700001,43.704876,4998900
2018-03-20,44.889998999999996,45.529999,44.82,45.43,44.418628999999996,4794300
2018-03-21,45.5,45.740002000000004,45.240002000000004,45.369999,44.359959,4004800
2018-03-22,44.970001,45.23,44.349998,44.369999,43.382217,5500500
2018-03-23,44.48,44.610001000000004,43.23,43.349998,42.384933000000004,4228200
2018-03-26,43.919998,44.23,43.560001,44.09,43.108459,3450300
2018-03-27,43.810001,44.029999,43.200001,43.48,42.512032,8107100
2018-03-28,43.52,43.93,43.16,43.549999,42.580475,4722300
2018-03-29,43.77,44.029999,43.66,43.759997999999996,42.785801,2898800
2018-04-02,43.849998,44.080002,42.419998,42.970001,42.01339,3210900
2018-04-03,43.34,43.77,43.169998,43.689999,42.717361,5217300
2018-04-04,43.139998999999996,44.310001,43.119999,44.240002000000004,43.255119,3697400
2018-04-05,44.490002000000004,44.490002000000004,43.66,43.700001,42.727139,7055800
2018-04-06,43.490002000000004,44.119999,43.07,43.369999,42.404484000000004,3570800
2018-04-09,43.650002,44.209998999999996,43.380001,43.59,42.619587,3285800
2018-04-10,44.18,44.59,44.029999,44.380001,43.392002000000005,2355200
2018-04-11,44.09,44.439999,43.84,44.189999,43.206234,2319200
2018-04-12,44.5,44.880001,44.439999,44.650002,43.655991,2354800
2018-04-13,44.91,45.07,44.41,44.560001,43.567993,2078500
2018-04-16,44.889998999999996,45.119999,44.689999,44.77,43.773315000000004,2940800
2018-04-17,45.0,45.279999,44.790001000000004,45.18,44.174194,4094900
2018-04-18,45.310001,45.360001000000004,45.009997999999996,45.02,44.017754,3726500
2018-04-19,45.0,45.279999,44.950001,45.23,44.223076,2520200
2018-04-20,45.349998,45.52,45.0,45.279999,44.271965,4331600
2018-04-23,45.360001000000004,45.59,45.110001000000004,45.299999,44.291519,1884500
2018-04-24,45.41,45.560001,44.799999,45.169998,44.164413,2191000
2018-04-25,45.200001,45.529999,44.720001,45.41,44.399071,3403500
2018-04-26,45.52,46.189999,45.25,45.68,44.663059000000004,4254100
2018-04-27,45.560001,45.990002000000004,45.470001,45.889998999999996,44.868384999999996,2220200
2018-04-30,46.009997999999996,46.189999,45.529999,45.57,44.555510999999996,3460800
2018-05-01,45.25,45.5,45.0,45.400002,44.389294,2918300
2018-05-02,45.310001,45.509997999999996,44.990002000000004,45.049999,44.047081,6848600
2018-05-03,44.759997999999996,44.799999,44.060001,44.450001,43.460438,4142700
2018-05-04,44.240002000000004,44.91,44.099998,44.810001,43.812431,3109400
2018-05-07,44.810001,44.830002,44.310001,44.59,43.597324,3184100
2018-05-08,44.709998999999996,45.0,44.549999,44.82,43.822205,2775500
2018-05-09,44.93,44.98,44.330002,44.75,43.753761,2518300
2018-05-10,44.880001,45.459998999999996,44.700001,45.349998,44.340405,2878400
2018-05-11,45.34,45.509997999999996,45.07,45.23,44.223076,2567100
2018-05-14,45.25,45.52,45.080002,45.240002000000004,44.232853000000006,1905000
2018-05-15,45.240002000000004,45.540001000000004,44.939999,45.099998,44.095974,2832500
2018-05-16,45.07,45.66,44.939999,45.41,44.399071,2576800
2018-05-17,45.400002,45.59,45.299999,45.529999,44.516391999999996,2900000
2018-05-18,45.689999,45.689999,45.279999,45.389998999999996,44.379513,3051600
2018-05-21,45.610001000000004,45.810001,45.509997999999996,45.75,44.731506,2406900
2018-05-22,45.509997999999996,45.700001,45.400002,45.580002,44.82,2512700
2018-05-23,45.41,45.529999,45.110001000000004,45.310001,44.554501,3770500
2018-05-24,45.34,45.450001,44.950001,45.310001,44.554501,2453500
2018-05-25,45.169998,45.41,45.139998999999996,45.34,44.584003,2825000
2018-05-29,45.029999,45.130001,44.259997999999996,44.57,43.826839,4602100
2018-05-30,45.0,45.849998,44.869999,45.560001,44.800331,3901400
2018-05-31,45.299999,45.400002,44.869999,45.060001,44.308673999999996,5031200
2018-06-01,45.5,45.59,45.259997999999996,45.400002,44.643005,2646200
2018-06-04,45.619999,45.700001,45.400002,45.43,44.672503999999996,1949000
2018-06-05,45.259997999999996,45.57,45.16,45.450001,44.692173,3482700
2018-06-06,45.580002,45.779999,45.25,45.700001,44.938,2336800
2018-06-07,45.889998999999996,45.900002,45.549999,45.68,44.918331,2919300
2018-06-08,45.700001,45.91,45.57,45.889998999999996,45.124832,2287000
2018-06-11,45.98,45.990002000000004,45.669998,45.75,44.987167,3490200
2018-06-12,45.810001,46.0,45.459998999999996,45.740002000000004,44.977333,2389600
2018-06-13,45.82,45.970001,45.650002,45.68,44.918331,3143400
2018-06-14,45.650002,45.740002000000004,45.299999,45.68,44.918331,2464200
2018-06-15,45.509997999999996,45.759997999999996,45.009997999999996,45.75,44.987167,4431000
2018-06-18,45.400002,45.52,44.830002,45.169998,44.416832,3707600
2018-06-19,44.990002000000004,45.290001000000004,44.869999,45.0,44.249672,3159900
2018-06-20,44.990002000000004,45.18,44.59,44.720001,43.974339,2995300
2018-06-21,44.599998,44.68,44.32,44.43,43.689175,2251400
2018-06-22,44.669998,44.77,44.150002,44.189999,43.453178,3291100
2018-06-25,44.009997999999996,44.380001,43.830002,44.080002,43.345013,2880500
2018-06-26,44.110001000000004,44.259997999999996,43.990002000000004,44.0,43.266346,2112100
2018-06-27,43.91,44.139998999999996,43.400002,43.41,42.686184000000004,2441600
2018-06-28,43.419998,43.580002,43.009997999999996,43.209998999999996,42.489517,3349900
2018-06-29,43.450001,43.549999,43.009997999999996,43.02,42.302685,4264100
2018-07-02,42.849998,42.919998,42.560001,42.889998999999996,42.17485,2289000
2018-07-03,43.040001000000004,43.290001000000004,42.869999,42.900002,42.184689,1478000
2018-07-05,43.349998,43.349998,42.470001,43.040001000000004,42.322353,3091600
2018-07-06,42.889998999999996,43.110001000000004,42.610001000000004,42.91,42.194519,2610400
2018-07-09,42.970001,43.450001,42.75,43.360001000000004,42.637015999999996,3045200
2018-07-10,43.32,43.34,43.009997999999996,43.220001,42.499352,2323400
2018-07-11,42.970001,43.02,42.27,42.490002000000004,41.781525,3894000
2018-07-12,42.700001,42.82,42.130001,42.48,41.771687,3002700
2018-07-13,42.41,42.700001,42.279999,42.599998,41.889687,2321700
2018-07-16,42.610001000000004,42.970001,42.450001,42.779999,42.066685,3541000
2018-07-17,42.84,43.009997999999996,42.630001,42.939999,42.224018,2616100
2018-07-18,42.869999,43.349998,42.849998,43.259997999999996,42.538685,2868200
2018-07-19,43.209998999999996,43.439999,42.75,42.889998999999996,42.17485,2741900
2018-07-20,42.700001,43.150002,42.59,43.060001,42.342022,2756100
2018-07-23,43.02,43.709998999999996,42.970001,43.48,42.755013,2853000
2018-07-24,43.5,43.919998,43.419998,43.68,42.951683,2665200
2018-07-25,43.73,43.810001,43.34,43.779999,43.050011,2272600
2018-07-26,43.990002000000004,44.5,43.91,44.41,43.669506,2637800
2018-07-27,46.0,46.490002000000004,45.5,46.310001,45.53783,5349000
2018-07-30,46.349998,46.68,46.18,46.330002,45.557499,3707500
2018-07-31,46.599998,46.700001,46.16,46.540001000000004,45.763996,5180600
2018-08-01,46.639998999999996,46.959998999999996,46.490002000000004,46.73,45.950825,3958700
2018-08-02,46.509997999999996,46.630001,46.25,46.360001000000004,45.586994,2520200
2018-08-03,46.330002,46.59,46.130001,46.59,45.813159999999996,3059200
2018-08-06,46.619999,46.799999,46.419998,46.639998999999996,45.862328000000005,2051000
2018-08-07,46.790001000000004,47.080002,46.639998999999996,46.700001,45.921326,2137300
2018-08-08,46.700001,46.939999,46.599998,46.869999,46.08849,1884900
2018-08-09,46.860001000000004,46.900002,46.650002,46.759997999999996,45.980323999999996,2060200
2018-08-10,46.59,46.650002,46.220001,46.48,45.70499,2491500
2018-08-13,46.419998,46.549999,46.16,46.299999,45.527992,3533400
2018-08-14,46.32,46.630001,46.310001,46.509997999999996,45.734489,2392200
2018-08-15,46.23,46.43,46.02,46.290001000000004,45.518166,2603500
2018-08-16,46.549999,46.73,46.41,46.5,45.724655,3037700
2018-08-17,46.48,46.849998,46.48,46.759997999999996,45.980323999999996,2895400
2018-08-20,46.740002000000004,46.869999,46.599998,46.779999,45.999992,2003100
2018-08-21,46.560001,47.07,46.310001,46.919998,46.395519,2982800
2018-08-22,46.869999,46.889998999999996,46.529999,46.599998,46.079097999999995,2404700
2018-08-23,46.700001,46.700001,46.259997999999996,46.389998999999996,45.871445,1775600
2018-08-24,46.450001,46.68,46.369999,46.669998,46.148315000000004,1624700
2018-08-27,46.900002,47.150002,46.759997999999996,46.970001,46.444962,1814400
2018-08-28,47.040001000000004,47.080002,46.650002,46.779999,46.257088,2271100
2018-08-29,46.91,47.119999,46.650002,46.939999,46.415295,2369700
2018-08-30,46.869999,46.880001,46.419998,46.509997999999996,45.990101,1776400
2018-08-31,46.5,46.599998,46.209998999999996,46.240002000000004,45.723125,4738400
2018-09-04,46.09,46.580002,45.799999,46.57,46.049431,2545700
2018-09-05,46.560001,47.150002,46.450001,47.080002,46.553734000000006,2444700
2018-09-06,47.080002,47.139998999999996,46.650002,46.889998999999996,46.365852000000004,2346800
2018-09-07,46.93,47.040001000000004,46.700001,46.82,46.296638,2546700
2018-09-10,46.93,46.970001,46.66,46.77,46.2472,3073400
2018-09-11,46.630001,46.889998999999996,46.360001000000004,46.630001,46.108765000000005,2390500
2018-09-12,46.52,46.599998,46.200001,46.310001,45.792343,2249100
2018-09-13,46.470001,46.740002000000004,46.400002,46.700001,46.177982,1965900
2018-09-14,46.75,47.279999,46.709998999999996,47.209998999999996,46.682278000000004,2480800
2018-09-17,47.27,47.459998999999996,47.029999,47.049999,46.524066999999995,2724600
2018-09-18,47.139998999999996,47.389998999999996,46.869999,47.259997999999996,46.73172,2830600
2018-09-19,47.400002,47.810001,47.360001000000004,47.68,47.147026000000004,3455300
2018-09-20,47.900002,48.07,47.759997999999996,47.889998999999996,47.354675,2464400
2018-09-21,48.0,48.09,47.740002000000004,48.040001000000004,47.503002,4231500
2018-09-24,48.099998,48.189999,47.689999,47.700001,47.166805,2243300
2018-09-25,47.919998,47.990002000000004,47.639998999999996,47.700001,47.166805,1853600
2018-09-26,47.75,47.860001000000004,46.990002000000004,47.040001000000004,46.514179,3656800
2018-09-27,47.009997999999996,47.349998,46.880001,47.049999,46.524066999999995,1893900
2018-09-28,46.810001,47.200001,46.630001,47.07,46.543842,2587700
2018-10-01,47.240002000000004,47.369999,46.860001000000004,47.16,46.632839000000004,1867800
2018-10-02,47.110001000000004,47.27,46.889998999999996,47.09,46.563621999999995,2137300
2018-10-03,47.189999,47.32,46.84,46.869999,46.346081,2230800
2018-10-04,46.919998,47.040001000000004,46.400002,46.599998,46.079097999999995,4248000
2018-10-05,46.599998,46.830002,46.48,46.5,45.980213,2855000
2018-10-08,46.400002,47.290001000000004,46.310001,47.130001,46.603176,2797700
2018-10-09,47.110001000000004,47.52,46.75,47.41,46.880043,2502700
2018-10-10,47.360001000000004,47.639998999999996,46.220001,46.330002,45.812119,5452500
2018-10-11,46.330002,46.330002,44.290001000000004,44.490002000000004,43.992687,6241100
2018-10-12,44.869999,45.060001,43.509997999999996,44.049999,43.557602,4444400
2018-10-15,44.02,44.34,43.810001,43.82,43.330172999999995,3796700
2018-10-16,43.939999,44.209998999999996,43.669998,44.18,43.68615,2307500
2018-10-17,44.18,45.080002,43.990002000000004,44.720001,44.220112,3328800
2018-10-18,44.650002,45.0,44.07,44.200001,43.705929,2941100
2018-10-19,44.040001000000004,44.740002000000004,43.990002000000004,44.470001,43.972908000000004,3048700
2018-10-22,44.560001,44.860001000000004,44.139998999999996,44.279999,43.78503,3740100
2018-10-23,43.57,44.360001000000004,43.240002000000004,44.259997999999996,43.765251,4169200
2018-10-24,44.25,44.349998,42.599998,42.700001,42.222694,4830700
2018-10-25,43.07,43.470001,42.02,42.189999,41.718391,4449700
2018-10-26,41.919998,42.119999,41.450001,41.700001,41.233871,4573700
2018-10-29,42.099998,42.799999,41.84,42.279999,41.807388,3727000
2018-10-30,42.459998999999996,43.150002,42.349998,43.139998999999996,42.657776,4293800
2018-10-31,43.419998,43.759997999999996,43.02,43.07,42.588558,4087100
2018-11-01,43.009997999999996,43.290001000000004,42.740002000000004,42.869999,42.390793,3257400
2018-11-02,43.32,43.59,42.610001000000004,42.900002,42.420456,3519100
2018-11-05,42.939999,43.759997999999996,42.91,43.709998999999996,43.221405,3075200
2018-11-06,43.619999,44.09,43.619999,43.990002000000004,43.498276000000004,2302100
2018-11-07,44.34,45.080002,44.0,45.060001,44.556315999999995,2974300
2018-11-08,44.84,45.48,44.830002,45.209998999999996,44.704636,2895200
2018-11-09,45.09,45.32,44.860001000000004,45.040001000000004,44.536537,2256100
2018-11-12,45.049999,45.25,44.330002,44.439999,43.943241,3852100
2018-11-13,44.240002000000004,44.849998,44.200001,44.369999,43.874023,3894700
2018-11-14,44.509997999999996,44.759997999999996,43.810001,43.950001,43.458721000000004,4685400
2018-11-15,43.599998,44.279999,43.360001000000004,44.27,43.775143,3102000
2018-11-16,44.02,44.709998999999996,43.959998999999996,44.57,44.071789,3513700
2018-11-19,44.669998,45.419998,44.439999,45.369999,44.862846000000005,3476900
2018-11-20,45.049999,45.049999,44.16,44.290001000000004,44.047340000000005,4743000
2018-11-21,44.34,45.169998,44.240002000000004,44.389998999999996,44.14679,3737200
2018-11-23,44.18,44.900002,44.040001000000004,44.470001,44.226353,1347900
2018-11-26,44.900002,45.130001,44.25,44.610001000000004,44.365584999999996,2222500
2018-11-27,44.43,44.75,44.18,44.549999,44.305912,2559300
2018-11-28,44.330002,45.369999,44.330002,45.360001000000004,45.111477,3527300
2018-11-29,45.139998999999996,45.650002,45.099998,45.400002,45.15126,2626800
2018-11-30,45.419998,45.919998,45.330002,45.740002000000004,45.489395,5432100
2018-12-03,46.130001,46.380001,45.48,46.07,45.817585,5199900
2018-12-04,46.099998,46.139998999999996,44.290001000000004,44.290001000000004,44.047340000000005,4680700
2018-12-06,43.759997999999996,43.880001,42.66,43.549999,43.311394,5326700
2018-12-07,43.59,44.029999,43.09,43.25,43.013039,3814800
2018-12-10,43.23,43.310001,42.259997999999996,43.040001000000004,42.804188,3516400
2018-12-11,43.299999,43.619999,42.619999,42.639998999999996,42.40638,3246800
2018-12-12,43.130001,43.439999,42.849998,42.900002,42.664955,2859600
2018-12-13,44.43,45.799999,44.25,45.75,45.499340000000004,7666400
2018-12-14,45.310001,45.540001000000004,44.48,44.610001000000004,44.365584999999996,4709000
2018-12-17,44.450001,45.080002,44.099998,44.32,44.077175,5062500
2018-12-18,44.57,45.099998,44.27,44.540001000000004,44.295971,4482100
2018-12-19,44.490002000000004,45.119999,43.66,43.98,43.739036999999996,5454300
2018-12-20,43.810001,44.09,43.110001000000004,43.400002,43.162216,4935300
2018-12-21,43.41,44.279999,43.07,43.23,42.993145,8134500
2018-12-24,42.93,43.240002000000004,42.330002,42.330002,42.098079999999996,2204300
2018-12-26,42.549999,44.16,41.880001,44.139998999999996,43.898159,3960100
2018-12-27,43.68,44.990002000000004,43.400002,44.98,44.733559,3986600
2018-12-28,45.110001000000004,45.470001,44.740002000000004,44.950001,44.703724,3314600
2018-12-31,45.130001,45.57,44.91,45.560001,45.310383,2702200
2019-01-02,44.59,45.580002,44.529999,45.52,45.270599,4022100
2019-01-03,45.369999,45.580002,44.279999,44.369999,44.1269,4239200
2019-01-04,45.02,45.25,44.689999,44.919998,44.673885,4761500
2019-01-07,44.889998999999996,45.619999,44.689999,45.16,44.912571,3414400
2019-01-08,45.509997999999996,45.669998,44.830002,45.299999,45.051804,3017000
2019-01-09,45.490002000000004,45.799999,45.150002,45.200001,44.952354,4501100
2019-01-10,45.259997999999996,45.880001,45.220001,45.77,45.51923,3734400
2019-01-11,45.720001,45.849998,45.349998,45.689999,45.439667,2381800
2019-01-14,45.439999,46.32,45.419998,45.93,45.678352000000004,3603200
2019-01-15,45.849998,46.529999,45.84,46.400002,46.145779,4011900
2019-01-16,46.75,47.139998999999996,46.560001,46.810001,46.553532000000004,3544700
2019-01-17,46.599998,47.380001,46.580002,47.32,47.060738,3449600
2019-01-18,47.560001,47.830002,47.279999,47.700001,47.438656,5387900
2019-01-22,47.59,48.049999,47.200001,47.389998999999996,47.130352,5943600
2019-01-23,47.75,47.959998999999996,47.139998999999996,47.639998999999996,47.378983000000005,2933100
2019-01-24,47.459998999999996,47.810001,47.290001000000004,47.330002,47.070686,2730100
2019-01-25,47.73,47.880001,47.419998,47.57,47.309368,2891300
2019-01-28,47.400002,47.529999,47.02,47.349998,47.090571999999995,3255800
2019-01-29,47.34,47.509997999999996,47.040001000000004,47.110001000000004,46.851890999999995,2645500
2019-01-30,47.16,47.759997999999996,46.959998999999996,47.380001,47.120411,4422100
2019-01-31,47.07,48.360001000000004,47.0,47.700001,47.438656,7986900
2019-02-01,47.799999,48.59,47.389998999999996,47.939999,47.677338,5461700
2019-02-04,48.16,48.16,47.580002,48.02,47.756904999999996,4140900
2019-02-05,47.970001,48.279999,47.810001,48.220001,47.955807,3358600
2019-02-06,48.150002,48.560001,48.060001,48.400002,48.134823,3702200
2019-02-07,48.099998,48.560001,47.889998999999996,48.450001,48.184546999999995,2789400
2019-02-08,48.200001,48.400002,47.68,48.18,47.916027,2641300
2019-02-11,48.310001,48.360001000000004,47.830002,48.27,48.005531,3303300
2019-02-12,48.490002000000004,49.07,48.41,48.939999,48.671859999999995,2554300
2019-02-13,49.060001,49.349998,48.830002,49.02,48.751422999999996,2104900
2019-02-14,48.630001,48.93,48.459998999999996,48.599998,48.333721000000004,2429800
2019-02-15,48.98,49.380001,48.950001,49.279999,49.009997999999996,3380400
2019-02-19,48.93,49.189999,48.900002,48.990002000000004,48.990002000000004,2902700
2019-02-20,49.0,49.220001,48.889998999999996,49.119999,49.119999,2967700
2019-02-21,49.150002,49.240002000000004,48.700001,48.900002,48.900002,3898800
2019-02-22,49.02,49.060001,48.619999,48.75,48.75,2923200
2019-02-25,48.959998999999996,49.290001000000004,48.82,48.959998999999996,48.959998999999996,3081600
2019-02-26,48.880001,49.279999,48.84,48.91,48.91,2347200
2019-02-27,48.82,49.439999,48.540001000000004,48.990002000000004,48.990002000000004,2783000
2019-02-28,49.0,49.549999,48.889998999999996,49.139998999999996,49.139998999999996,4440300
2019-03-01,49.41,49.580002,49.07,49.169998,49.169998,3062300
2019-03-04,49.209998999999996,49.709998999999996,48.740002000000004,49.060001,49.060001,2672600
2019-03-05,49.119999,49.330002,48.830002,49.150002,49.150002,2434000
2019-03-06,49.09,49.369999,48.93,48.950001,48.950001,2187500
2019-03-07,48.799999,48.959998999999996,48.419998,48.630001,48.630001,2957500
2019-03-08,48.349998,48.630001,48.18,48.549999,48.549999,2542300
2019-03-11,48.790001000000004,49.09,48.639998999999996,49.07,49.07,2236200
2019-03-12,49.169998,49.349998,48.98,49.16,49.16,2530600
2019-03-13,49.27,49.610001000000004,49.189999,49.389998999999996,49.389998999999996,2381400
2019-03-14,49.349998,49.700001,49.279999,49.700001,49.700001,2376800
2019-03-15,49.490002000000004,50.150002,49.490002000000004,49.950001,49.950001,6845500
2019-03-18,50.110001000000004,50.419998,49.950001,50.25,50.25,2897600
2019-03-19,50.5,50.66,49.990002000000004,50.099998,50.099998,2448600
2019-03-20,50.060001,50.299999,49.389998999999996,49.459998999999996,49.459998999999996,3006100
2019-03-21,49.25,50.049999,49.139998999999996,49.970001,49.970001,3080700
2019-03-22,49.650002,49.990002000000004,49.419998,49.459998999999996,49.459998999999996,3596700
2019-03-25,49.5,49.73,49.27,49.52,49.52,2244100
2019-03-26,49.91,50.139998999999996,49.5,49.830002,49.830002,2212700
2019-03-27,49.810001,50.02,49.619999,49.82,49.82,2318900
2019-03-28,49.900002,50.119999,49.419998,49.700001,49.700001,1983300
2019-03-29,50.0,50.040001000000004,49.689999,50.0,50.0,4071100
2019-04-01,50.310001,50.459998999999996,49.77,49.880001,49.880001,4066200
2019-04-02,49.779999,49.84,49.23,49.25,49.25,3630100
2019-04-03,49.549999,49.549999,48.290001000000004,48.759997999999996,48.759997999999996,5489300
2019-04-04,48.849998,49.049999,48.66,48.779999,48.779999,2525200
2019-04-05,48.970001,49.060001,48.82,49.0,49.0,3149900
2019-04-08,49.119999,49.27,48.91,49.119999,49.119999,3303600
2019-04-09,49.060001,49.200001,48.830002,49.040001000000004,49.040001000000004,3082000
2019-04-10,48.93,49.25,48.799999,49.209998999999996,49.209998999999996,2493300
2019-04-11,49.360001000000004,49.560001,49.150002,49.369999,49.369999,3147200
2019-04-12,49.790001000000004,49.799999,49.07,49.314999,49.314999,2138998
